#: table_doi: 10.17182/hepdata.76800.v1/t2,,,,,,,,,,,,,,
#: name: Table 2,,,,,,,,,,,,,,
#: description: Multiplicities of negatively charged pions from semi-inclusive deep-inelastic scattering of muons off an isoscalar target, $M^{\pi^{-}}$, in bins of $x$, $y$, and $z$. Also given are the diffractive vector meson correction to the pion count, $DVM^{\pi^{-}}$, and DIS count, $DVM^{DIS}$, as well as the radiative correction factors to the pion count, $\eta^{\pi^{-}}$, and DIS count, $\eta^{DIS}$. The correction factors were applied to the raw multiplicity to arrive at the final multiplicity given in the table, $M^{\pi^{-}}$, as follows:,
,,,,,,,,,,,,,,
$M^{\pi^{-}}$ =  $M_{raw}^{\pi^{-}}$ * $\frac{\eta^{\pi^{-}}} {\eta^{DIS}}$ * $\frac{ DVM^{\pi^{-}} }   {DVM^{DIS} }$.,,,,,,,,,,,,,,
#: data_file: data2.yaml,,,,,,,,,,,,,,
#: data_license:   ,,,,,,,,,,,,,,
#: keyword reactions: $\mu^{+}$ d --> $\mu^{+}$ $\pi^{-}$ X,,,,,,,,,,,,,,
#: keyword observables: MULT,,,,,,,,,,,,,,
#: keyword phrases: ,,,,,,,,,,,,,,
#: keyword cmenergies: ,,,,,,,,,,,,,,
#: PLAB [GEV],,,,,,,160,,,,,,,
#: RE,,,,,,,$\mu^{+}$ d --> $\mu^{+}$ $\pi^{-}$ X,,,,,,,
$x$,$x$ LOW,$x$ HIGH,$y$,$y$ LOW,$y$ HIGH,$<Q^2> (GeV/c)^2$,$z^{\pi^{-}}$,$z^{\pi^{-}}$ LOW,$z^{\pi^{-}}$ HIGH,$M^{\pi^{-}}$,stat +,stat -,sys +,sys -
0.0087,0.004,0.01,0.443,0.3,0.5,1.149,0.223,0.2,0.25,1.7515,0.0153,-0.0153,0.0881,-0.0881
0.0088,0.004,0.01,0.435,0.3,0.5,1.138,0.273,0.25,0.3,1.2004,0.0125,-0.0125,0.0601,-0.0601
0.0088,0.004,0.01,0.435,0.3,0.5,1.138,0.324,0.3,0.35,0.8117,0.0104,-0.0104,0.0406,-0.0406
0.0088,0.004,0.01,0.435,0.3,0.5,1.138,0.374,0.35,0.4,0.5892,0.0091,-0.0091,0.0295,-0.0295
0.0088,0.004,0.01,0.435,0.3,0.5,1.138,0.424,0.4,0.45,0.451,0.0083,-0.0083,0.0229,-0.0229
0.0088,0.004,0.01,0.432,0.3,0.5,1.132,0.474,0.45,0.5,0.3278,0.0076,-0.0076,0.0171,-0.0171
0.009,0.004,0.01,0.412,0.3,0.5,1.105,0.524,0.5,0.55,0.245,0.0082,-0.0082,0.0131,-0.0131
0.0093,0.004,0.01,0.389,0.3,0.5,1.075,0.574,0.55,0.6,0.1874,0.0101,-0.0101,0.0115,-0.0115
0.0095,0.004,0.01,0.369,0.3,0.5,1.048,0.624,0.6,0.65,0.1644,0.0152,-0.0152,0.0126,-0.0126
0.0098,0.004,0.01,0.351,0.3,0.5,1.023,0.674,0.65,0.7,0.0872,0.0192,-0.0192,0.0091,-0.0091
0.0074,0.004,0.01,0.598,0.5,0.7,1.318,0.223,0.2,0.25,1.7041,0.0094,-0.0094,0.0856,-0.0856
0.0074,0.004,0.01,0.598,0.5,0.7,1.318,0.274,0.25,0.3,1.1488,0.0082,-0.0082,0.0575,-0.0575
0.0074,0.004,0.01,0.597,0.5,0.7,1.316,0.324,0.3,0.35,0.8267,0.0074,-0.0074,0.0415,-0.0415
0.0076,0.004,0.01,0.566,0.5,0.7,1.282,0.374,0.35,0.4,0.5901,0.0083,-0.0083,0.03,-0.03
0.0079,0.004,0.01,0.533,0.5,0.7,1.244,0.424,0.4,0.45,0.4323,0.0113,-0.0113,0.0221,-0.0221
0.0184,0.01,0.02,0.193,0.15,0.2,1.084,0.424,0.4,0.45,0.4981,0.0233,-0.0233,0.025,-0.025
0.0188,0.01,0.02,0.188,0.15,0.2,1.065,0.474,0.45,0.5,0.3493,0.0145,-0.0145,0.0177,-0.0177
0.0188,0.01,0.02,0.188,0.15,0.2,1.065,0.524,0.5,0.55,0.2795,0.0133,-0.0133,0.0147,-0.0147
0.0188,0.01,0.02,0.188,0.15,0.2,1.065,0.574,0.55,0.6,0.1934,0.0111,-0.0111,0.0124,-0.0124
0.0188,0.01,0.02,0.188,0.15,0.2,1.065,0.624,0.6,0.65,0.1574,0.0103,-0.0103,0.0106,-0.0106
0.0188,0.01,0.02,0.188,0.15,0.2,1.065,0.674,0.65,0.7,0.1259,0.0096,-0.0096,0.0107,-0.0107
0.0188,0.01,0.02,0.188,0.15,0.2,1.065,0.724,0.7,0.75,0.1046,0.0088,-0.0088,0.0096,-0.0096
0.0188,0.01,0.02,0.188,0.15,0.2,1.065,0.795,0.75,0.85,0.0628,0.005,-0.005,0.0084,-0.0084
0.0154,0.01,0.02,0.275,0.2,0.3,1.275,0.324,0.3,0.35,0.8781,0.0103,-0.0103,0.0439,-0.0439
0.016,0.01,0.02,0.259,0.2,0.3,1.237,0.374,0.35,0.4,0.6178,0.0068,-0.0068,0.0309,-0.0309
0.0162,0.01,0.02,0.254,0.2,0.3,1.222,0.424,0.4,0.45,0.465,0.0056,-0.0056,0.0234,-0.0234
0.0162,0.01,0.02,0.254,0.2,0.3,1.222,0.474,0.45,0.5,0.3317,0.0047,-0.0047,0.0169,-0.0169
0.0162,0.01,0.02,0.254,0.2,0.3,1.222,0.524,0.5,0.55,0.2529,0.0042,-0.0042,0.0134,-0.0134
0.0162,0.01,0.02,0.254,0.2,0.3,1.222,0.574,0.55,0.6,0.1947,0.0037,-0.0037,0.011,-0.011
0.0162,0.01,0.02,0.254,0.2,0.3,1.222,0.624,0.6,0.65,0.1549,0.0034,-0.0034,0.0099,-0.0099
0.0162,0.01,0.02,0.254,0.2,0.3,1.222,0.674,0.65,0.7,0.1272,0.0031,-0.0031,0.0087,-0.0087
0.0162,0.01,0.02,0.254,0.2,0.3,1.222,0.724,0.7,0.75,0.1014,0.0029,-0.0029,0.0088,-0.0088
0.0163,0.01,0.02,0.25,0.2,0.3,1.213,0.795,0.75,0.85,0.0648,0.0017,-0.0017,0.0077,-0.0077
0.0139,0.01,0.02,0.431,0.3,0.5,1.797,0.223,0.2,0.25,1.7537,0.0099,-0.0099,0.0879,-0.0879
0.014,0.01,0.02,0.386,0.3,0.5,1.612,0.274,0.25,0.3,1.2042,0.0063,-0.0063,0.0603,-0.0603
0.014,0.01,0.02,0.383,0.3,0.5,1.6,0.324,0.3,0.35,0.841,0.0053,-0.0053,0.0421,-0.0421
0.014,0.01,0.02,0.383,0.3,0.5,1.6,0.374,0.35,0.4,0.6068,0.0046,-0.0046,0.0304,-0.0304
0.014,0.01,0.02,0.383,0.3,0.5,1.6,0.424,0.4,0.45,0.4265,0.0039,-0.0039,0.0214,-0.0214
0.014,0.01,0.02,0.381,0.3,0.5,1.59,0.474,0.45,0.5,0.3186,0.0035,-0.0035,0.0162,-0.0162
0.014,0.01,0.02,0.369,0.3,0.5,1.538,0.524,0.5,0.55,0.2309,0.0033,-0.0033,0.012,-0.012
0.0141,0.01,0.02,0.355,0.3,0.5,1.481,0.574,0.55,0.6,0.1849,0.0033,-0.0033,0.01,-0.01
0.0141,0.01,0.02,0.342,0.3,0.5,1.431,0.624,0.6,0.65,0.1381,0.0033,-0.0033,0.0083,-0.0083
0.0142,0.01,0.02,0.33,0.3,0.5,1.387,0.674,0.65,0.7,0.1111,0.0036,-0.0036,0.0076,-0.0076
0.0144,0.01,0.02,0.32,0.3,0.5,1.353,0.724,0.7,0.75,0.0737,0.0038,-0.0038,0.0065,-0.0065
0.0151,0.01,0.02,0.307,0.3,0.5,1.301,0.795,0.75,0.85,0.0695,0.01,-0.01,0.0069,-0.0069
0.0139,0.01,0.02,0.586,0.5,0.7,2.432,0.223,0.2,0.25,1.6971,0.0094,-0.0094,0.085,-0.085
0.0139,0.01,0.02,0.586,0.5,0.7,2.432,0.273,0.25,0.3,1.1416,0.008,-0.008,0.0571,-0.0571
0.0139,0.01,0.02,0.585,0.5,0.7,2.426,0.324,0.3,0.35,0.8073,0.0071,-0.0071,0.0404,-0.0404
0.0139,0.01,0.02,0.56,0.5,0.7,2.311,0.374,0.35,0.4,0.5586,0.0072,-0.0072,0.0281,-0.0281
0.0139,0.01,0.02,0.532,0.5,0.7,2.179,0.424,0.4,0.45,0.4036,0.0089,-0.0089,0.0213,-0.0213
0.0263,0.02,0.03,0.143,0.1,0.15,1.138,0.574,0.55,0.6,0.1934,0.0096,-0.0096,0.0121,-0.0121
0.0268,0.02,0.03,0.139,0.1,0.15,1.117,0.624,0.6,0.65,0.1605,0.0069,-0.0069,0.0098,-0.0098
0.0271,0.02,0.03,0.136,0.1,0.15,1.106,0.674,0.65,0.7,0.1222,0.0058,-0.0058,0.0093,-0.0093
0.0271,0.02,0.03,0.136,0.1,0.15,1.104,0.724,0.7,0.75,0.1047,0.0054,-0.0054,0.0096,-0.0096
0.0271,0.02,0.03,0.136,0.1,0.15,1.104,0.795,0.75,0.85,0.0749,0.0035,-0.0035,0.0085,-0.0085
0.0244,0.02,0.03,0.192,0.15,0.2,1.427,0.424,0.4,0.45,0.4752,0.0154,-0.0154,0.0238,-0.0238
0.0244,0.02,0.03,0.182,0.15,0.2,1.334,0.474,0.45,0.5,0.3445,0.0073,-0.0073,0.0175,-0.0175
0.0246,0.02,0.03,0.175,0.15,0.2,1.285,0.524,0.5,0.55,0.2722,0.0054,-0.0054,0.0142,-0.0142
0.0246,0.02,0.03,0.174,0.15,0.2,1.278,0.574,0.55,0.6,0.2035,0.0045,-0.0045,0.0114,-0.0114
0.0246,0.02,0.03,0.174,0.15,0.2,1.278,0.624,0.6,0.65,0.1626,0.0041,-0.0041,0.0102,-0.0102
0.0246,0.02,0.03,0.174,0.15,0.2,1.278,0.674,0.65,0.7,0.1253,0.0036,-0.0036,0.0087,-0.0087
0.0246,0.02,0.03,0.174,0.15,0.2,1.278,0.724,0.7,0.75,0.0993,0.0033,-0.0033,0.0081,-0.0081
0.0246,0.02,0.03,0.174,0.15,0.2,1.278,0.795,0.75,0.85,0.0652,0.0019,-0.0019,0.0077,-0.0077
0.0244,0.02,0.03,0.273,0.2,0.3,2,0.324,0.3,0.35,0.8525,0.0125,-0.0125,0.0426,-0.0426
0.0244,0.02,0.03,0.253,0.2,0.3,1.841,0.374,0.35,0.4,0.6425,0.008,-0.008,0.0321,-0.0321
0.0244,0.02,0.03,0.243,0.2,0.3,1.765,0.424,0.4,0.45,0.4491,0.006,-0.006,0.0225,-0.0225
0.0244,0.02,0.03,0.243,0.2,0.3,1.763,0.474,0.45,0.5,0.3301,0.0051,-0.0051,0.0166,-0.0166
0.0244,0.02,0.03,0.243,0.2,0.3,1.763,0.524,0.5,0.55,0.2419,0.0043,-0.0043,0.0123,-0.0123
0.0244,0.02,0.03,0.243,0.2,0.3,1.763,0.574,0.55,0.6,0.1893,0.0038,-0.0038,0.0099,-0.0099
0.0244,0.02,0.03,0.243,0.2,0.3,1.763,0.624,0.6,0.65,0.1426,0.0033,-0.0033,0.0079,-0.0079
0.0244,0.02,0.03,0.243,0.2,0.3,1.763,0.674,0.65,0.7,0.1153,0.003,-0.003,0.0069,-0.0069
0.0244,0.02,0.03,0.243,0.2,0.3,1.763,0.724,0.7,0.75,0.091,0.0027,-0.0027,0.0063,-0.0063
0.0244,0.02,0.03,0.241,0.2,0.3,1.743,0.795,0.75,0.85,0.0622,0.0017,-0.0017,0.0063,-0.0063
0.0244,0.02,0.03,0.431,0.3,0.5,3.146,0.223,0.2,0.25,1.7776,0.0144,-0.0144,0.0889,-0.0889
0.0244,0.02,0.03,0.385,0.3,0.5,2.797,0.274,0.25,0.3,1.1997,0.0089,-0.0089,0.06,-0.06
0.0244,0.02,0.03,0.381,0.3,0.5,2.764,0.324,0.3,0.35,0.8269,0.0073,-0.0073,0.0414,-0.0414
0.0244,0.02,0.03,0.381,0.3,0.5,2.764,0.374,0.35,0.4,0.5867,0.0063,-0.0063,0.0293,-0.0293
0.0244,0.02,0.03,0.381,0.3,0.5,2.764,0.424,0.4,0.45,0.4272,0.0054,-0.0054,0.0214,-0.0214
0.0244,0.02,0.03,0.379,0.3,0.5,2.748,0.474,0.45,0.5,0.3066,0.0047,-0.0047,0.0154,-0.0154
0.0244,0.02,0.03,0.367,0.3,0.5,2.655,0.524,0.5,0.55,0.218,0.0043,-0.0043,0.011,-0.011
0.0244,0.02,0.03,0.353,0.3,0.5,2.552,0.574,0.55,0.6,0.1684,0.0043,-0.0043,0.0087,-0.0087
0.0244,0.02,0.03,0.341,0.3,0.5,2.458,0.624,0.6,0.65,0.1269,0.0042,-0.0042,0.0067,-0.0067
0.0244,0.02,0.03,0.329,0.3,0.5,2.37,0.674,0.65,0.7,0.0964,0.0043,-0.0043,0.0057,-0.0057
0.0244,0.02,0.03,0.319,0.3,0.5,2.287,0.724,0.7,0.75,0.0745,0.0049,-0.0049,0.0052,-0.0052
0.0244,0.02,0.03,0.307,0.3,0.5,2.102,0.794,0.75,0.85,0.0446,0.0093,-0.0093,0.0038,-0.0038
0.0244,0.02,0.03,0.586,0.5,0.7,4.255,0.223,0.2,0.25,1.683,0.0153,-0.0153,0.0842,-0.0842
0.0244,0.02,0.03,0.586,0.5,0.7,4.255,0.273,0.25,0.3,1.1217,0.0129,-0.0129,0.0561,-0.0561
0.0244,0.02,0.03,0.585,0.5,0.7,4.243,0.324,0.3,0.35,0.7758,0.0112,-0.0112,0.0389,-0.0389
0.0244,0.02,0.03,0.56,0.5,0.7,4.043,0.374,0.35,0.4,0.5488,0.0111,-0.0111,0.0283,-0.0283
0.0244,0.02,0.03,0.532,0.5,0.7,3.812,0.424,0.4,0.45,0.3734,0.0128,-0.0128,0.02,-0.02
0.0345,0.03,0.04,0.142,0.1,0.15,1.49,0.574,0.55,0.6,0.2111,0.0103,-0.0103,0.0116,-0.0116
0.0345,0.03,0.04,0.137,0.1,0.15,1.42,0.624,0.6,0.65,0.1573,0.0062,-0.0062,0.0094,-0.0094
0.0345,0.03,0.04,0.131,0.1,0.15,1.361,0.674,0.65,0.7,0.1231,0.0045,-0.0045,0.0082,-0.0082
0.0346,0.03,0.04,0.127,0.1,0.15,1.312,0.724,0.7,0.75,0.1011,0.0038,-0.0038,0.0087,-0.0087
0.0347,0.03,0.04,0.124,0.1,0.15,1.286,0.795,0.75,0.85,0.0685,0.0021,-0.0021,0.0079,-0.0079
0.0345,0.03,0.04,0.192,0.15,0.2,2.023,0.424,0.4,0.45,0.4452,0.0195,-0.0195,0.0223,-0.0223
0.0345,0.03,0.04,0.182,0.15,0.2,1.892,0.474,0.45,0.5,0.3511,0.01,-0.01,0.0178,-0.0178
0.0345,0.03,0.04,0.174,0.15,0.2,1.799,0.524,0.5,0.55,0.2571,0.0066,-0.0066,0.0131,-0.0131
0.0345,0.03,0.04,0.173,0.15,0.2,1.777,0.574,0.55,0.6,0.1878,0.0055,-0.0055,0.0099,-0.0099
0.0345,0.03,0.04,0.173,0.15,0.2,1.777,0.624,0.6,0.65,0.1482,0.0048,-0.0048,0.0082,-0.0082
0.0345,0.03,0.04,0.173,0.15,0.2,1.777,0.674,0.65,0.7,0.1099,0.0041,-0.0041,0.0068,-0.0068
0.0345,0.03,0.04,0.173,0.15,0.2,1.777,0.724,0.7,0.75,0.0978,0.004,-0.004,0.0067,-0.0067
0.0345,0.03,0.04,0.173,0.15,0.2,1.777,0.795,0.75,0.85,0.0623,0.0023,-0.0023,0.0062,-0.0062
0.0345,0.03,0.04,0.273,0.2,0.3,2.836,0.324,0.3,0.35,0.855,0.0149,-0.0149,0.0428,-0.0428
0.0345,0.03,0.04,0.253,0.2,0.3,2.611,0.374,0.35,0.4,0.614,0.0094,-0.0094,0.0307,-0.0307
0.0345,0.03,0.04,0.243,0.2,0.3,2.503,0.424,0.4,0.45,0.4444,0.0072,-0.0072,0.0222,-0.0222
0.0345,0.03,0.04,0.243,0.2,0.3,2.5,0.474,0.45,0.5,0.3181,0.0061,-0.0061,0.0159,-0.0159
0.0345,0.03,0.04,0.243,0.2,0.3,2.5,0.524,0.5,0.55,0.2317,0.0051,-0.0051,0.0117,-0.0117
0.0345,0.03,0.04,0.243,0.2,0.3,2.5,0.574,0.55,0.6,0.1773,0.0045,-0.0045,0.009,-0.009
0.0345,0.03,0.04,0.243,0.2,0.3,2.5,0.624,0.6,0.65,0.137,0.0039,-0.0039,0.0072,-0.0072
0.0345,0.03,0.04,0.243,0.2,0.3,2.5,0.674,0.65,0.7,0.1032,0.0035,-0.0035,0.0058,-0.0058
0.0345,0.03,0.04,0.243,0.2,0.3,2.5,0.724,0.7,0.75,0.0816,0.0031,-0.0031,0.0051,-0.0051
0.0345,0.03,0.04,0.241,0.2,0.3,2.471,0.795,0.75,0.85,0.0534,0.0018,-0.0018,0.0043,-0.0043
0.0345,0.03,0.04,0.431,0.3,0.5,4.46,0.223,0.2,0.25,1.7682,0.0184,-0.0184,0.0884,-0.0884
0.0345,0.03,0.04,0.385,0.3,0.5,3.966,0.274,0.25,0.3,1.1632,0.011,-0.011,0.0582,-0.0582
0.0345,0.03,0.04,0.381,0.3,0.5,3.918,0.324,0.3,0.35,0.8144,0.0092,-0.0092,0.0407,-0.0407
0.0345,0.03,0.04,0.381,0.3,0.5,3.918,0.374,0.35,0.4,0.5822,0.0078,-0.0078,0.0291,-0.0291
0.0345,0.03,0.04,0.381,0.3,0.5,3.918,0.424,0.4,0.45,0.4017,0.0066,-0.0066,0.0201,-0.0201
0.0345,0.03,0.04,0.379,0.3,0.5,3.896,0.474,0.45,0.5,0.2922,0.0057,-0.0057,0.0147,-0.0147
0.0345,0.03,0.04,0.367,0.3,0.5,3.764,0.524,0.5,0.55,0.2202,0.0054,-0.0054,0.0111,-0.0111
0.0345,0.03,0.04,0.353,0.3,0.5,3.619,0.574,0.55,0.6,0.1529,0.005,-0.005,0.0078,-0.0078
0.0345,0.03,0.04,0.34,0.3,0.5,3.485,0.624,0.6,0.65,0.118,0.0049,-0.0049,0.0062,-0.0062
0.0345,0.03,0.04,0.329,0.3,0.5,3.361,0.674,0.65,0.7,0.0843,0.005,-0.005,0.0051,-0.0051
0.0345,0.03,0.04,0.319,0.3,0.5,3.244,0.724,0.7,0.75,0.0682,0.0056,-0.0056,0.0042,-0.0042
0.0345,0.03,0.04,0.307,0.3,0.5,2.981,0.795,0.75,0.85,0.0291,0.0089,-0.0089,0.0031,-0.0031
0.0345,0.03,0.04,0.586,0.5,0.7,6.033,0.223,0.2,0.25,1.6867,0.0217,-0.0217,0.0844,-0.0844
0.0345,0.03,0.04,0.586,0.5,0.7,6.033,0.273,0.25,0.3,1.143,0.0184,-0.0184,0.0572,-0.0572
0.0345,0.03,0.04,0.585,0.5,0.7,6.015,0.324,0.3,0.35,0.8125,0.0162,-0.0162,0.0407,-0.0407
0.0345,0.03,0.04,0.56,0.5,0.7,5.731,0.374,0.35,0.4,0.5273,0.015,-0.015,0.0268,-0.0268
0.0345,0.03,0.04,0.532,0.5,0.7,5.402,0.424,0.4,0.45,0.3997,0.0185,-0.0185,0.0216,-0.0216
0.0487,0.04,0.06,0.142,0.1,0.15,2.099,0.574,0.55,0.6,0.1925,0.0089,-0.0089,0.0099,-0.0099
0.0487,0.04,0.06,0.137,0.1,0.15,1.999,0.624,0.6,0.65,0.1464,0.0055,-0.0055,0.0079,-0.0079
0.0487,0.04,0.06,0.131,0.1,0.15,1.916,0.674,0.65,0.7,0.1172,0.0041,-0.0041,0.0074,-0.0074
0.0487,0.04,0.06,0.127,0.1,0.15,1.843,0.724,0.7,0.75,0.096,0.0032,-0.0032,0.0066,-0.0066
0.0487,0.04,0.06,0.123,0.1,0.15,1.788,0.795,0.75,0.85,0.0615,0.0017,-0.0017,0.0064,-0.0064
0.0487,0.04,0.06,0.192,0.15,0.2,2.852,0.424,0.4,0.45,0.4249,0.0161,-0.0161,0.0213,-0.0213
0.0487,0.04,0.06,0.182,0.15,0.2,2.666,0.474,0.45,0.5,0.3154,0.008,-0.008,0.0158,-0.0158
0.0487,0.04,0.06,0.174,0.15,0.2,2.535,0.524,0.5,0.55,0.2491,0.0057,-0.0057,0.0125,-0.0125
0.0487,0.04,0.06,0.173,0.15,0.2,2.505,0.574,0.55,0.6,0.1881,0.0048,-0.0048,0.0096,-0.0096
0.0487,0.04,0.06,0.173,0.15,0.2,2.504,0.624,0.6,0.65,0.1435,0.0042,-0.0042,0.0075,-0.0075
0.0487,0.04,0.06,0.173,0.15,0.2,2.504,0.674,0.65,0.7,0.1056,0.0034,-0.0034,0.0057,-0.0057
0.0487,0.04,0.06,0.173,0.15,0.2,2.504,0.724,0.7,0.75,0.0867,0.0031,-0.0031,0.0054,-0.0054
0.0487,0.04,0.06,0.173,0.15,0.2,2.504,0.795,0.75,0.85,0.0579,0.0018,-0.0018,0.0046,-0.0046
0.0487,0.04,0.06,0.273,0.2,0.3,3.996,0.324,0.3,0.35,0.8197,0.0127,-0.0127,0.041,-0.041
0.0487,0.04,0.06,0.252,0.2,0.3,3.678,0.374,0.35,0.4,0.6038,0.008,-0.008,0.0302,-0.0302
0.0487,0.04,0.06,0.243,0.2,0.3,3.525,0.424,0.4,0.45,0.4206,0.0059,-0.0059,0.021,-0.021
0.0487,0.04,0.06,0.243,0.2,0.3,3.522,0.474,0.45,0.5,0.3057,0.0051,-0.0051,0.0153,-0.0153
0.0487,0.04,0.06,0.243,0.2,0.3,3.522,0.524,0.5,0.55,0.2223,0.0043,-0.0043,0.0112,-0.0112
0.0487,0.04,0.06,0.243,0.2,0.3,3.522,0.574,0.55,0.6,0.1657,0.0037,-0.0037,0.0084,-0.0084
0.0487,0.04,0.06,0.243,0.2,0.3,3.522,0.624,0.6,0.65,0.1268,0.0032,-0.0032,0.0065,-0.0065
0.0487,0.04,0.06,0.243,0.2,0.3,3.522,0.674,0.65,0.7,0.1019,0.0029,-0.0029,0.0054,-0.0054
0.0487,0.04,0.06,0.243,0.2,0.3,3.522,0.724,0.7,0.75,0.0699,0.0024,-0.0024,0.0041,-0.0041
0.0487,0.04,0.06,0.241,0.2,0.3,3.481,0.795,0.75,0.85,0.0487,0.0014,-0.0014,0.0037,-0.0037
0.0486,0.04,0.06,0.431,0.3,0.5,6.281,0.223,0.2,0.25,1.7397,0.017,-0.017,0.087,-0.087
0.0486,0.04,0.06,0.385,0.3,0.5,5.585,0.274,0.25,0.3,1.1722,0.0101,-0.0101,0.0586,-0.0586
0.0486,0.04,0.06,0.381,0.3,0.5,5.517,0.324,0.3,0.35,0.8059,0.0083,-0.0083,0.0403,-0.0403
0.0486,0.04,0.06,0.381,0.3,0.5,5.517,0.374,0.35,0.4,0.5574,0.007,-0.007,0.0279,-0.0279
0.0486,0.04,0.06,0.381,0.3,0.5,5.517,0.424,0.4,0.45,0.3946,0.0059,-0.0059,0.0198,-0.0198
0.0486,0.04,0.06,0.379,0.3,0.5,5.485,0.474,0.45,0.5,0.2791,0.0051,-0.0051,0.014,-0.014
0.0486,0.04,0.06,0.367,0.3,0.5,5.301,0.524,0.5,0.55,0.2042,0.0047,-0.0047,0.0103,-0.0103
0.0486,0.04,0.06,0.353,0.3,0.5,5.097,0.574,0.55,0.6,0.1516,0.0045,-0.0045,0.0077,-0.0077
0.0486,0.04,0.06,0.34,0.3,0.5,4.908,0.624,0.6,0.65,0.1105,0.0044,-0.0044,0.0058,-0.0058
0.0486,0.04,0.06,0.329,0.3,0.5,4.734,0.673,0.65,0.7,0.0824,0.0045,-0.0045,0.0045,-0.0045
0.0487,0.04,0.06,0.319,0.3,0.5,4.569,0.724,0.7,0.75,0.0601,0.0048,-0.0048,0.0034,-0.0034
0.0487,0.04,0.06,0.307,0.3,0.5,4.202,0.794,0.75,0.85,0.0367,0.0093,-0.0093,0.0027,-0.0027
0.0486,0.04,0.06,0.586,0.5,0.7,8.496,0.223,0.2,0.25,1.7188,0.0237,-0.0237,0.086,-0.086
0.0486,0.04,0.06,0.586,0.5,0.7,8.496,0.273,0.25,0.3,1.0807,0.0191,-0.0191,0.0541,-0.0541
0.0486,0.04,0.06,0.585,0.5,0.7,8.471,0.324,0.3,0.35,0.7577,0.0166,-0.0166,0.038,-0.038
0.0486,0.04,0.06,0.56,0.5,0.7,8.072,0.374,0.35,0.4,0.5232,0.0158,-0.0158,0.0264,-0.0264
0.0486,0.04,0.06,0.532,0.5,0.7,7.608,0.424,0.4,0.45,0.3673,0.0179,-0.0179,0.0192,-0.0192
0.0766,0.06,0.1,0.142,0.1,0.15,3.301,0.574,0.55,0.6,0.1802,0.0081,-0.0081,0.0091,-0.0091
0.0766,0.06,0.1,0.137,0.1,0.15,3.146,0.624,0.6,0.65,0.1337,0.0049,-0.0049,0.0069,-0.0069
0.0766,0.06,0.1,0.131,0.1,0.15,3.015,0.674,0.65,0.7,0.1003,0.0035,-0.0035,0.0055,-0.0055
0.0766,0.06,0.1,0.127,0.1,0.15,2.901,0.724,0.7,0.75,0.0773,0.0027,-0.0027,0.0047,-0.0047
0.0766,0.06,0.1,0.123,0.1,0.15,2.813,0.795,0.75,0.85,0.0591,0.0015,-0.0015,0.0047,-0.0047
0.0765,0.06,0.1,0.192,0.15,0.2,4.482,0.424,0.4,0.45,0.4233,0.0151,-0.0151,0.0212,-0.0212
0.0765,0.06,0.1,0.182,0.15,0.2,4.19,0.474,0.45,0.5,0.3025,0.0071,-0.0071,0.0151,-0.0151
0.0765,0.06,0.1,0.174,0.15,0.2,3.984,0.524,0.5,0.55,0.2257,0.005,-0.005,0.0113,-0.0113
0.0765,0.06,0.1,0.173,0.15,0.2,3.936,0.574,0.55,0.6,0.1647,0.004,-0.004,0.0083,-0.0083
0.0765,0.06,0.1,0.173,0.15,0.2,3.935,0.624,0.6,0.65,0.1278,0.0035,-0.0035,0.0065,-0.0065
0.0765,0.06,0.1,0.173,0.15,0.2,3.935,0.674,0.65,0.7,0.0975,0.0031,-0.0031,0.0051,-0.0051
0.0765,0.06,0.1,0.173,0.15,0.2,3.935,0.724,0.7,0.75,0.0735,0.0026,-0.0026,0.0041,-0.0041
0.0765,0.06,0.1,0.173,0.15,0.2,3.935,0.795,0.75,0.85,0.0465,0.0014,-0.0014,0.0032,-0.0032
0.0765,0.06,0.1,0.273,0.2,0.3,6.282,0.324,0.3,0.35,0.8289,0.0124,-0.0124,0.0414,-0.0414
0.0765,0.06,0.1,0.252,0.2,0.3,5.78,0.374,0.35,0.4,0.558,0.0073,-0.0073,0.0279,-0.0279
0.0765,0.06,0.1,0.243,0.2,0.3,5.539,0.424,0.4,0.45,0.4003,0.0055,-0.0055,0.02,-0.02
0.0765,0.06,0.1,0.243,0.2,0.3,5.533,0.474,0.45,0.5,0.2908,0.0047,-0.0047,0.0145,-0.0145
0.0765,0.06,0.1,0.243,0.2,0.3,5.533,0.524,0.5,0.55,0.2116,0.004,-0.004,0.0106,-0.0106
0.0765,0.06,0.1,0.243,0.2,0.3,5.533,0.574,0.55,0.6,0.1614,0.0035,-0.0035,0.0081,-0.0081
0.0765,0.06,0.1,0.243,0.2,0.3,5.533,0.624,0.6,0.65,0.1117,0.0028,-0.0028,0.0056,-0.0056
0.0765,0.06,0.1,0.243,0.2,0.3,5.533,0.674,0.65,0.7,0.0846,0.0025,-0.0025,0.0044,-0.0044
0.0765,0.06,0.1,0.243,0.2,0.3,5.533,0.724,0.7,0.75,0.0633,0.0022,-0.0022,0.0034,-0.0034
0.0765,0.06,0.1,0.24,0.2,0.3,5.47,0.795,0.75,0.85,0.0432,0.0013,-0.0013,0.0028,-0.0028
0.0764,0.06,0.1,0.431,0.3,0.5,9.871,0.223,0.2,0.25,1.7643,0.021,-0.021,0.0882,-0.0882
0.0765,0.06,0.1,0.384,0.3,0.5,8.772,0.274,0.25,0.3,1.1681,0.0113,-0.0113,0.0584,-0.0584
0.0765,0.06,0.1,0.38,0.3,0.5,8.666,0.324,0.3,0.35,0.8036,0.0091,-0.0091,0.0402,-0.0402
0.0765,0.06,0.1,0.38,0.3,0.5,8.666,0.374,0.35,0.4,0.5616,0.0077,-0.0077,0.0281,-0.0281
0.0765,0.06,0.1,0.38,0.3,0.5,8.666,0.424,0.4,0.45,0.384,0.0064,-0.0064,0.0192,-0.0192
0.0765,0.06,0.1,0.379,0.3,0.5,8.617,0.474,0.45,0.5,0.2663,0.0054,-0.0054,0.0134,-0.0134
0.0765,0.06,0.1,0.367,0.3,0.5,8.328,0.524,0.5,0.55,0.2037,0.0051,-0.0051,0.0105,-0.0105
0.0765,0.06,0.1,0.353,0.3,0.5,8.008,0.574,0.55,0.6,0.1473,0.0047,-0.0047,0.0076,-0.0076
0.0765,0.06,0.1,0.34,0.3,0.5,7.714,0.624,0.6,0.65,0.1019,0.0043,-0.0043,0.0053,-0.0053
0.0765,0.06,0.1,0.329,0.3,0.5,7.441,0.674,0.65,0.7,0.077,0.0044,-0.0044,0.0045,-0.0045
0.0765,0.06,0.1,0.319,0.3,0.5,7.18,0.724,0.7,0.75,0.0521,0.0045,-0.0045,0.0033,-0.0033
0.0764,0.06,0.1,0.307,0.3,0.5,6.597,0.794,0.75,0.85,0.0329,0.0091,-0.0091,0.002,-0.002
0.0765,0.06,0.1,0.586,0.5,0.7,13.359,0.223,0.2,0.25,1.6777,0.0322,-0.0322,0.0839,-0.0839
0.0765,0.06,0.1,0.586,0.5,0.7,13.359,0.273,0.25,0.3,1.1582,0.0276,-0.0276,0.058,-0.058
0.0765,0.06,0.1,0.585,0.5,0.7,13.322,0.323,0.3,0.35,0.7383,0.0228,-0.0228,0.037,-0.037
0.0765,0.06,0.1,0.56,0.5,0.7,12.69,0.373,0.35,0.4,0.5105,0.021,-0.021,0.0258,-0.0258
0.0765,0.06,0.1,0.532,0.5,0.7,11.965,0.424,0.4,0.45,0.3781,0.0248,-0.0248,0.0193,-0.0193
0.1176,0.1,0.14,0.142,0.1,0.15,5.071,0.574,0.55,0.6,0.1565,0.0104,-0.0104,0.0079,-0.0079
0.1176,0.1,0.14,0.137,0.1,0.15,4.832,0.624,0.6,0.65,0.1105,0.0061,-0.0061,0.0056,-0.0056
0.1176,0.1,0.14,0.131,0.1,0.15,4.631,0.674,0.65,0.7,0.0798,0.0042,-0.0042,0.0041,-0.0041
0.1176,0.1,0.14,0.127,0.1,0.15,4.454,0.724,0.7,0.75,0.0732,0.0036,-0.0036,0.004,-0.004
0.1176,0.1,0.14,0.123,0.1,0.15,4.32,0.795,0.75,0.85,0.0488,0.0019,-0.0019,0.0033,-0.0033
0.1176,0.1,0.14,0.192,0.15,0.2,6.89,0.424,0.4,0.45,0.3763,0.0187,-0.0187,0.0188,-0.0188
0.1176,0.1,0.14,0.182,0.15,0.2,6.44,0.474,0.45,0.5,0.2883,0.0094,-0.0094,0.0144,-0.0144
0.1176,0.1,0.14,0.174,0.15,0.2,6.122,0.524,0.5,0.55,0.2103,0.0065,-0.0065,0.0105,-0.0105
0.1176,0.1,0.14,0.173,0.15,0.2,6.048,0.574,0.55,0.6,0.1408,0.005,-0.005,0.0071,-0.0071
0.1176,0.1,0.14,0.173,0.15,0.2,6.047,0.624,0.6,0.65,0.1065,0.0043,-0.0043,0.0054,-0.0054
0.1176,0.1,0.14,0.173,0.15,0.2,6.047,0.674,0.65,0.7,0.083,0.0037,-0.0037,0.0042,-0.0042
0.1176,0.1,0.14,0.173,0.15,0.2,6.047,0.724,0.7,0.75,0.0639,0.0033,-0.0033,0.0034,-0.0034
0.1176,0.1,0.14,0.173,0.15,0.2,6.047,0.795,0.75,0.85,0.0407,0.0017,-0.0017,0.0026,-0.0026
0.1176,0.1,0.14,0.273,0.2,0.3,9.652,0.324,0.3,0.35,0.7891,0.0189,-0.0189,0.0395,-0.0395
0.1176,0.1,0.14,0.252,0.2,0.3,8.881,0.374,0.35,0.4,0.5635,0.011,-0.011,0.0282,-0.0282
0.1176,0.1,0.14,0.243,0.2,0.3,8.509,0.424,0.4,0.45,0.3965,0.0081,-0.0081,0.0198,-0.0198
0.1176,0.1,0.14,0.243,0.2,0.3,8.501,0.474,0.45,0.5,0.2837,0.0068,-0.0068,0.0142,-0.0142
0.1176,0.1,0.14,0.243,0.2,0.3,8.501,0.524,0.5,0.55,0.1999,0.0057,-0.0057,0.01,-0.01
0.1176,0.1,0.14,0.243,0.2,0.3,8.501,0.574,0.55,0.6,0.1356,0.0046,-0.0046,0.0068,-0.0068
0.1176,0.1,0.14,0.243,0.2,0.3,8.501,0.624,0.6,0.65,0.1109,0.0042,-0.0042,0.0056,-0.0056
0.1176,0.1,0.14,0.243,0.2,0.3,8.501,0.674,0.65,0.7,0.0787,0.0035,-0.0035,0.004,-0.004
0.1176,0.1,0.14,0.243,0.2,0.3,8.501,0.724,0.7,0.75,0.0579,0.003,-0.003,0.003,-0.003
0.1176,0.1,0.14,0.24,0.2,0.3,8.404,0.795,0.75,0.85,0.0354,0.0017,-0.0017,0.0021,-0.0021
0.1175,0.1,0.14,0.431,0.3,0.5,15.177,0.223,0.2,0.25,1.7333,0.0392,-0.0392,0.0867,-0.0867
0.1175,0.1,0.14,0.384,0.3,0.5,13.486,0.274,0.25,0.3,1.1419,0.0202,-0.0202,0.0571,-0.0571
0.1175,0.1,0.14,0.38,0.3,0.5,13.321,0.324,0.3,0.35,0.7745,0.0162,-0.0162,0.0387,-0.0387
0.1175,0.1,0.14,0.38,0.3,0.5,13.321,0.374,0.35,0.4,0.5444,0.0136,-0.0136,0.0273,-0.0273
0.1175,0.1,0.14,0.38,0.3,0.5,13.321,0.424,0.4,0.45,0.372,0.0112,-0.0112,0.0187,-0.0187
0.1175,0.1,0.14,0.379,0.3,0.5,13.245,0.474,0.45,0.5,0.266,0.0096,-0.0096,0.0135,-0.0135
0.1175,0.1,0.14,0.367,0.3,0.5,12.798,0.524,0.5,0.55,0.2006,0.009,-0.009,0.0105,-0.0105
0.1175,0.1,0.14,0.353,0.3,0.5,12.305,0.574,0.55,0.6,0.1533,0.0086,-0.0086,0.008,-0.008
0.1175,0.1,0.14,0.34,0.3,0.5,11.855,0.624,0.6,0.65,0.0946,0.0073,-0.0073,0.0051,-0.0051
0.1175,0.1,0.14,0.329,0.3,0.5,11.435,0.673,0.65,0.7,0.0779,0.0074,-0.0074,0.0053,-0.0053
0.1175,0.1,0.14,0.319,0.3,0.5,11.035,0.724,0.7,0.75,0.0402,0.0064,-0.0064,0.0029,-0.0029
0.1176,0.1,0.14,0.586,0.5,0.7,20.541,0.223,0.2,0.25,1.7462,0.0657,-0.0657,0.0874,-0.0874
0.1176,0.1,0.14,0.586,0.5,0.7,20.541,0.274,0.25,0.3,1.0482,0.0507,-0.0507,0.0525,-0.0525
0.1176,0.1,0.14,0.585,0.5,0.7,20.483,0.324,0.3,0.35,0.75,0.0447,-0.0447,0.0378,-0.0378
0.1176,0.1,0.14,0.56,0.5,0.7,19.513,0.373,0.35,0.4,0.5039,0.0397,-0.0397,0.0296,-0.0296
0.1175,0.1,0.14,0.532,0.5,0.7,18.389,0.424,0.4,0.45,0.3505,0.0443,-0.0443,0.0223,-0.0223
0.1581,0.14,0.18,0.142,0.1,0.15,6.819,0.574,0.55,0.6,0.1283,0.0123,-0.0123,0.0064,-0.0064
0.1581,0.14,0.18,0.137,0.1,0.15,6.496,0.624,0.6,0.65,0.1007,0.0078,-0.0078,0.0051,-0.0051
0.1581,0.14,0.18,0.131,0.1,0.15,6.224,0.674,0.65,0.7,0.0715,0.0056,-0.0056,0.0036,-0.0036
0.1581,0.14,0.18,0.126,0.1,0.15,5.987,0.724,0.7,0.75,0.065,0.0048,-0.0048,0.0034,-0.0034
0.1581,0.14,0.18,0.123,0.1,0.15,5.81,0.795,0.75,0.85,0.041,0.0024,-0.0024,0.0025,-0.0025
0.1581,0.14,0.18,0.192,0.15,0.2,9.262,0.424,0.4,0.45,0.3347,0.0254,-0.0254,0.0167,-0.0167
0.1581,0.14,0.18,0.182,0.15,0.2,8.658,0.474,0.45,0.5,0.2673,0.0131,-0.0131,0.0134,-0.0134
0.1581,0.14,0.18,0.174,0.15,0.2,8.229,0.524,0.5,0.55,0.19,0.0086,-0.0086,0.0095,-0.0095
0.1581,0.14,0.18,0.173,0.15,0.2,8.13,0.574,0.55,0.6,0.1341,0.0068,-0.0068,0.0067,-0.0067
0.1581,0.14,0.18,0.173,0.15,0.2,8.129,0.624,0.6,0.65,0.1017,0.006,-0.006,0.0051,-0.0051
0.1581,0.14,0.18,0.173,0.15,0.2,8.129,0.674,0.65,0.7,0.0777,0.005,-0.005,0.004,-0.004
0.1581,0.14,0.18,0.173,0.15,0.2,8.129,0.724,0.7,0.75,0.058,0.0044,-0.0044,0.0031,-0.0031
0.1581,0.14,0.18,0.173,0.15,0.2,8.129,0.794,0.75,0.85,0.034,0.0022,-0.0022,0.002,-0.002
0.1581,0.14,0.18,0.273,0.2,0.3,12.978,0.324,0.3,0.35,0.8047,0.0297,-0.0297,0.0402,-0.0402
0.1581,0.14,0.18,0.252,0.2,0.3,11.938,0.374,0.35,0.4,0.5142,0.0157,-0.0157,0.0257,-0.0257
0.1581,0.14,0.18,0.243,0.2,0.3,11.437,0.424,0.4,0.45,0.3827,0.0119,-0.0119,0.0191,-0.0191
0.1581,0.14,0.18,0.243,0.2,0.3,11.426,0.474,0.45,0.5,0.2645,0.0098,-0.0098,0.0132,-0.0132
0.1581,0.14,0.18,0.243,0.2,0.3,11.426,0.524,0.5,0.55,0.1931,0.0082,-0.0082,0.0097,-0.0097
0.1581,0.14,0.18,0.243,0.2,0.3,11.426,0.574,0.55,0.6,0.1238,0.0064,-0.0064,0.0062,-0.0062
0.1581,0.14,0.18,0.243,0.2,0.3,11.426,0.624,0.6,0.65,0.0963,0.0057,-0.0057,0.0048,-0.0048
0.1581,0.14,0.18,0.243,0.2,0.3,11.426,0.674,0.65,0.7,0.0684,0.0047,-0.0047,0.0035,-0.0035
0.1581,0.14,0.18,0.243,0.2,0.3,11.426,0.724,0.7,0.75,0.05,0.0041,-0.0041,0.0026,-0.0026
0.1581,0.14,0.18,0.24,0.2,0.3,11.296,0.795,0.75,0.85,0.0305,0.0023,-0.0023,0.0018,-0.0018
0.1581,0.14,0.18,0.431,0.3,0.5,20.404,0.223,0.2,0.25,1.6941,0.0614,-0.0614,0.0847,-0.0847
0.1581,0.14,0.18,0.384,0.3,0.5,18.128,0.273,0.25,0.3,1.1638,0.0329,-0.0329,0.0582,-0.0582
0.1581,0.14,0.18,0.38,0.3,0.5,17.908,0.324,0.3,0.35,0.7411,0.0253,-0.0253,0.0371,-0.0371
0.1581,0.14,0.18,0.38,0.3,0.5,17.908,0.374,0.35,0.4,0.5379,0.0217,-0.0217,0.0269,-0.0269
0.1581,0.14,0.18,0.38,0.3,0.5,17.908,0.424,0.4,0.45,0.374,0.0182,-0.0182,0.0189,-0.0189
0.1581,0.14,0.18,0.378,0.3,0.5,17.806,0.474,0.45,0.5,0.2993,0.0171,-0.0171,0.0152,-0.0152
0.1581,0.14,0.18,0.367,0.3,0.5,17.214,0.524,0.5,0.55,0.2085,0.0147,-0.0147,0.011,-0.011
0.1581,0.14,0.18,0.353,0.3,0.5,16.552,0.574,0.55,0.6,0.1386,0.0126,-0.0126,0.0077,-0.0077
0.1581,0.14,0.18,0.34,0.3,0.5,15.948,0.623,0.6,0.65,0.0852,0.0108,-0.0108,0.0052,-0.0052
0.1581,0.14,0.18,0.329,0.3,0.5,15.382,0.673,0.65,0.7,0.0689,0.0117,-0.0117,0.0044,-0.0044
0.1581,0.14,0.18,0.319,0.3,0.5,14.845,0.723,0.7,0.75,0.0461,0.0115,-0.0115,0.0033,-0.0033
0.2505,0.18,0.4,0.192,0.15,0.2,14.675,0.424,0.4,0.45,0.3566,0.0284,-0.0284,0.0178,-0.0178
0.2505,0.18,0.4,0.182,0.15,0.2,13.715,0.474,0.45,0.5,0.2751,0.0143,-0.0143,0.0138,-0.0138
0.2504,0.18,0.4,0.174,0.15,0.2,13.031,0.524,0.5,0.55,0.2017,0.0098,-0.0098,0.0101,-0.0101
0.2504,0.18,0.4,0.172,0.15,0.2,12.873,0.574,0.55,0.6,0.1376,0.0076,-0.0076,0.0069,-0.0069
0.2504,0.18,0.4,0.172,0.15,0.2,12.87,0.624,0.6,0.65,0.1011,0.0065,-0.0065,0.0051,-0.0051
0.2504,0.18,0.4,0.172,0.15,0.2,12.87,0.674,0.65,0.7,0.0756,0.0055,-0.0055,0.0038,-0.0038
0.2504,0.18,0.4,0.172,0.15,0.2,12.87,0.724,0.7,0.75,0.0487,0.0044,-0.0044,0.0025,-0.0025
0.2504,0.18,0.4,0.172,0.15,0.2,12.87,0.794,0.75,0.85,0.0284,0.0022,-0.0022,0.0016,-0.0016
0.2501,0.18,0.4,0.273,0.2,0.3,20.535,0.324,0.3,0.35,0.7499,0.0312,-0.0312,0.0375,-0.0375
0.2502,0.18,0.4,0.252,0.2,0.3,18.893,0.374,0.35,0.4,0.5169,0.0169,-0.0169,0.0258,-0.0258
0.2503,0.18,0.4,0.243,0.2,0.3,18.105,0.424,0.4,0.45,0.3499,0.0121,-0.0121,0.0175,-0.0175
0.2503,0.18,0.4,0.243,0.2,0.3,18.086,0.474,0.45,0.5,0.2547,0.0103,-0.0103,0.0127,-0.0127
0.2503,0.18,0.4,0.243,0.2,0.3,18.086,0.524,0.5,0.55,0.1867,0.0088,-0.0088,0.0093,-0.0093
0.2503,0.18,0.4,0.243,0.2,0.3,18.086,0.574,0.55,0.6,0.1338,0.0073,-0.0073,0.0067,-0.0067
0.2503,0.18,0.4,0.243,0.2,0.3,18.086,0.624,0.6,0.65,0.1041,0.0064,-0.0064,0.0052,-0.0052
0.2503,0.18,0.4,0.243,0.2,0.3,18.086,0.674,0.65,0.7,0.0644,0.0048,-0.0048,0.0033,-0.0033
0.2503,0.18,0.4,0.243,0.2,0.3,18.086,0.724,0.7,0.75,0.0487,0.0043,-0.0043,0.0025,-0.0025
0.2503,0.18,0.4,0.24,0.2,0.3,17.882,0.795,0.75,0.85,0.0256,0.0022,-0.0022,0.0015,-0.0015
0.2497,0.18,0.4,0.431,0.3,0.5,32.238,0.223,0.2,0.25,1.7251,0.0676,-0.0676,0.0863,-0.0863
0.25,0.18,0.4,0.384,0.3,0.5,28.65,0.274,0.25,0.3,1.094,0.0324,-0.0324,0.0547,-0.0547
0.25,0.18,0.4,0.38,0.3,0.5,28.303,0.324,0.3,0.35,0.7364,0.0256,-0.0256,0.0368,-0.0368
0.25,0.18,0.4,0.38,0.3,0.5,28.303,0.374,0.35,0.4,0.4983,0.021,-0.021,0.025,-0.025
0.25,0.18,0.4,0.38,0.3,0.5,28.303,0.424,0.4,0.45,0.3577,0.0179,-0.0179,0.018,-0.018
0.25,0.18,0.4,0.378,0.3,0.5,28.146,0.474,0.45,0.5,0.2669,0.0156,-0.0156,0.0136,-0.0136
0.25,0.18,0.4,0.366,0.3,0.5,27.209,0.524,0.5,0.55,0.1932,0.0138,-0.0138,0.0102,-0.0102
0.2501,0.18,0.4,0.353,0.3,0.5,26.174,0.574,0.55,0.6,0.1361,0.0124,-0.0124,0.0075,-0.0075
0.2501,0.18,0.4,0.34,0.3,0.5,25.228,0.624,0.6,0.65,0.1103,0.0126,-0.0126,0.0068,-0.0068
0.2502,0.18,0.4,0.329,0.3,0.5,24.339,0.674,0.65,0.7,0.0729,0.0112,-0.0112,0.0047,-0.0047
