x_min,x_max,y_min,y_max,z_min,z_max,m_pos,unc_pos_stat,unc_pos_syst,m_neg,unc_neg_stat,unc_neg_syst,VM_pos,VM_neg,VM_incl,RC_pos,RC_neg
0.004,0.01,0.3,0.5,0.2,0.25,0.40681,0.01019,0.02363,0.32837,0.00911,0.01922,0.99967,0.99966,0.94677,1.11718,1.12204
0.004,0.01,0.3,0.5,0.25,0.3,0.30444,0.00839,0.01756,0.24748,0.00761,0.01442,0.99903,0.99887,0.94648,1.11586,1.12186
0.004,0.01,0.3,0.5,0.3,0.35,0.25644,0.00786,0.0148,0.17844,0.00644,0.01044,0.99663,0.9958,0.94648,1.11773,1.12476
0.004,0.01,0.3,0.5,0.35,0.4,0.1797,0.00652,0.01051,0.13949,0.00577,0.00831,0.96445,0.95146,0.94648,1.11969,1.12776
0.004,0.01,0.3,0.5,0.4,0.45,0.14638,0.00583,0.00897,0.10077,0.00479,0.00643,0.91945,0.89873,0.94648,1.12161,1.13071
0.004,0.01,0.3,0.5,0.45,0.5,0.12972,0.00575,0.00819,0.08276,0.00434,0.0057,0.90206,0.85697,0.94643,1.12293,1.13307
0.004,0.01,0.3,0.5,0.5,0.55,0.09905,0.00589,0.00683,0.0595,0.00438,0.00444,0.85607,0.81074,0.9455,1.11568,1.12695
0.004,0.01,0.3,0.5,0.55,0.6,0.06813,0.00649,0.00495,0.0417,0.0047,0.00373,0.81827,0.74524,0.94451,1.11333,1.12574
0.004,0.01,0.5,0.7,0.2,0.25,0.40813,0.00735,0.02536,0.3504,0.00681,0.0219,0.99977,0.99971,0.95037,1.1703,1.1729
0.004,0.01,0.5,0.7,0.25,0.3,0.31487,0.00658,0.01966,0.2592,0.00601,0.01626,0.99921,0.99911,0.95037,1.17174,1.17551
0.004,0.01,0.5,0.7,0.3,0.35,0.23656,0.00582,0.01487,0.19366,0.00532,0.01229,0.99787,0.99723,0.95038,1.17166,1.17664
0.004,0.01,0.5,0.7,0.35,0.4,0.19177,0.00646,0.01204,0.14936,0.00563,0.00948,0.97258,0.96457,0.95055,1.16458,1.17111
0.004,0.01,0.5,0.7,0.4,0.45,0.16225,0.00875,0.01048,0.13442,0.00796,0.00911,0.93807,0.92169,0.95031,1.16093,1.16902
0.01,0.02,0.15,0.2,0.4,0.45,0.12739,0.01335,0.00747,0.09208,0.01166,0.00555,0.9069,0.90467,0.9438,1.07933,1.09095
0.01,0.02,0.15,0.2,0.45,0.5,0.10409,0.00892,0.00643,0.06182,0.00658,0.00423,0.88577,0.83422,0.94288,1.0766,1.08864
0.01,0.02,0.15,0.2,0.5,0.55,0.0786,0.0077,0.0049,0.05137,0.00587,0.00376,0.86954,0.81601,0.94288,1.08067,1.09314
0.01,0.02,0.15,0.2,0.55,0.6,0.07902,0.00766,0.00563,0.03746,0.00503,0.00368,0.81823,0.71413,0.94288,1.08468,1.09757
0.01,0.02,0.15,0.2,0.6,0.65,0.05591,0.00643,0.00384,0.02697,0.00416,0.00216,0.84152,0.77267,0.94288,1.08877,1.10208
0.01,0.02,0.15,0.2,0.65,0.7,0.05114,0.00636,0.00291,0.02277,0.00423,0.00132,0.95589,0.94715,0.94288,1.09287,1.10661
0.01,0.02,0.15,0.2,0.7,0.75,0.03643,0.00545,0.00205,0.02795,0.0053,0.00161,0.98721,0.97515,0.94288,1.09685,1.11101
0.01,0.02,0.15,0.2,0.75,0.85,0.0254,0.00321,0.00144,0.00626,0.00157,0.00044,0.99744,0.99441,0.94288,1.10289,1.11767
0.01,0.02,0.2,0.3,0.3,0.35,0.22403,0.00631,0.0122,0.16464,0.00543,0.00906,0.99647,0.99555,0.95167,1.07144,1.08104
0.01,0.02,0.2,0.3,0.35,0.4,0.17485,0.00431,0.00965,0.12502,0.00362,0.00706,0.9632,0.95364,0.95072,1.07415,1.08451
0.01,0.02,0.2,0.3,0.4,0.45,0.14366,0.00362,0.00821,0.09078,0.00282,0.00542,0.92295,0.89993,0.95031,1.07767,1.08863
0.01,0.02,0.2,0.3,0.45,0.5,0.11113,0.00315,0.00657,0.0746,0.00252,0.00468,0.89984,0.87093,0.95032,1.0814,1.09289
0.01,0.02,0.2,0.3,0.5,0.55,0.08609,0.00274,0.00532,0.05165,0.00205,0.00356,0.87274,0.82648,0.95032,1.08508,1.0971
0.01,0.02,0.2,0.3,0.55,0.6,0.07237,0.00251,0.00492,0.03866,0.00172,0.00301,0.83163,0.78029,0.95032,1.08879,1.10133
0.01,0.02,0.2,0.3,0.6,0.65,0.05541,0.0022,0.00354,0.02875,0.00154,0.00199,0.86695,0.83429,0.95032,1.09245,1.10552
0.01,0.02,0.2,0.3,0.65,0.7,0.04353,0.00208,0.0025,0.02168,0.0014,0.00127,0.9762,0.95897,0.95032,1.09612,1.10972
0.01,0.02,0.2,0.3,0.7,0.75,0.0384,0.00201,0.00228,0.01763,0.00132,0.00104,0.98843,0.9856,0.95032,1.09993,1.11404
0.01,0.02,0.2,0.3,0.75,0.85,0.02903,0.00129,0.00177,0.01196,0.00079,0.00071,0.99778,0.9965,0.95007,1.1039,1.11876
0.01,0.02,0.3,0.5,0.2,0.25,0.41054,0.00704,0.02274,0.32965,0.00633,0.01841,0.99986,0.99983,0.96529,1.08937,1.09586
0.01,0.02,0.3,0.5,0.25,0.3,0.3208,0.00446,0.01772,0.23562,0.00381,0.01314,0.99935,0.99922,0.96105,1.08675,1.09445
0.01,0.02,0.3,0.5,0.3,0.35,0.24504,0.00385,0.01355,0.18281,0.00331,0.01023,0.99778,0.9973,0.96086,1.08903,1.0974
0.01,0.02,0.3,0.5,0.35,0.4,0.19405,0.00343,0.0108,0.1387,0.00287,0.00783,0.97404,0.96738,0.96086,1.0922,1.10122
0.01,0.02,0.3,0.5,0.4,0.45,0.14226,0.00289,0.00812,0.10577,0.00247,0.00624,0.94142,0.92337,0.96086,1.09555,1.10519
0.01,0.02,0.3,0.5,0.45,0.5,0.12228,0.00273,0.00723,0.07599,0.00209,0.00462,0.92689,0.90264,0.96073,1.09871,1.109
0.01,0.02,0.3,0.5,0.5,0.55,0.0987,0.0026,0.00611,0.05755,0.0019,0.00376,0.89582,0.86864,0.95976,1.10275,1.11382
0.01,0.02,0.3,0.5,0.55,0.6,0.0731,0.00241,0.00497,0.04534,0.00182,0.00335,0.857,0.8145,0.95854,1.10467,1.11654
0.01,0.02,0.3,0.5,0.6,0.65,0.06324,0.00256,0.00416,0.03559,0.00188,0.00251,0.88946,0.8464,0.95735,1.10612,1.11872
0.01,0.02,0.3,0.5,0.65,0.7,0.05329,0.00291,0.00322,0.02454,0.00192,0.00145,0.97919,0.97008,0.95624,1.10697,1.1203
0.01,0.02,0.3,0.5,0.7,0.75,0.03723,0.00314,0.00244,0.01746,0.00206,0.00101,0.99008,0.98735,0.95557,1.10795,1.12193
0.01,0.02,0.5,0.7,0.2,0.25,0.42688,0.00822,0.02462,0.34413,0.00732,0.02001,0.99991,0.99991,0.97371,1.12619,1.13055
0.01,0.02,0.5,0.7,0.25,0.3,0.32672,0.00735,0.01894,0.25506,0.00644,0.01487,0.99965,0.99964,0.97371,1.12934,1.13435
0.01,0.02,0.5,0.7,0.3,0.35,0.25497,0.0066,0.015,0.19564,0.00573,0.01161,0.99898,0.99857,0.97369,1.13179,1.13746
0.01,0.02,0.5,0.7,0.35,0.4,0.19118,0.00657,0.0114,0.13788,0.00555,0.00833,0.98547,0.98199,0.97286,1.13048,1.13715
0.01,0.02,0.5,0.7,0.4,0.45,0.15878,0.00816,0.00985,0.1131,0.00684,0.00686,0.96544,0.9527,0.97183,1.12926,1.13702
0.02,0.03,0.1,0.15,0.55,0.6,0.0543,0.00514,0.00386,0.02982,0.00378,0.00251,0.8161,0.77679,0.9453,1.07494,1.08795
0.02,0.03,0.1,0.15,0.6,0.65,0.05331,0.00413,0.00336,0.0235,0.00267,0.00166,0.86441,0.81869,0.94339,1.08205,1.09529
0.02,0.03,0.1,0.15,0.65,0.7,0.04428,0.00368,0.00249,0.01862,0.00229,0.00111,0.95556,0.93216,0.94278,1.08595,1.09937
0.02,0.03,0.1,0.15,0.7,0.75,0.03896,0.00343,0.00222,0.01468,0.0021,0.00085,0.98687,0.98128,0.9426,1.09073,1.10432
0.02,0.03,0.1,0.15,0.75,0.85,0.02798,0.00209,0.0016,0.00792,0.0011,0.00047,0.99644,0.99463,0.9426,1.09774,1.11158
0.02,0.03,0.15,0.2,0.45,0.5,0.10699,0.00456,0.00608,0.0649,0.0035,0.00391,0.9137,0.88238,0.9539,1.06299,1.07523
0.02,0.03,0.15,0.2,0.5,0.55,0.07912,0.00308,0.00477,0.04906,0.00239,0.00331,0.87732,0.83053,0.95163,1.06906,1.08161
0.02,0.03,0.15,0.2,0.55,0.6,0.0705,0.00282,0.00456,0.03308,0.00184,0.00254,0.84738,0.78224,0.95159,1.07316,1.08595
0.02,0.03,0.15,0.2,0.6,0.65,0.05813,0.00263,0.0035,0.03041,0.00183,0.00206,0.89263,0.83823,0.9516,1.07767,1.09069
0.02,0.03,0.15,0.2,0.65,0.7,0.05338,0.00266,0.003,0.02127,0.00159,0.00121,0.97242,0.95682,0.9516,1.08227,1.09553
0.02,0.03,0.15,0.2,0.7,0.75,0.03944,0.00223,0.0022,0.01329,0.00125,0.00078,0.99072,0.98055,0.9516,1.08691,1.10041
0.02,0.03,0.15,0.2,0.75,0.85,0.03164,0.00148,0.00177,0.00975,0.00078,0.00055,0.99765,0.99567,0.9516,1.09359,1.10742
0.02,0.03,0.2,0.3,0.3,0.35,0.23532,0.00841,0.01255,0.16278,0.00703,0.00878,0.99813,0.9974,0.97029,1.05994,1.07079
0.02,0.03,0.2,0.3,0.35,0.4,0.20276,0.00547,0.01091,0.12681,0.00424,0.00695,0.97939,0.97195,0.96761,1.06266,1.07394
0.02,0.03,0.2,0.3,0.4,0.45,0.14969,0.00407,0.00817,0.08756,0.00304,0.00492,0.95051,0.93558,0.96585,1.06587,1.07747
0.02,0.03,0.2,0.3,0.45,0.5,0.11518,0.00353,0.00639,0.07176,0.00274,0.00414,0.93789,0.91631,0.96587,1.07039,1.08224
0.02,0.03,0.2,0.3,0.5,0.55,0.09089,0.00309,0.00518,0.05018,0.00223,0.00301,0.91492,0.88834,0.96587,1.07494,1.08703
0.02,0.03,0.2,0.3,0.55,0.6,0.07568,0.00282,0.00445,0.04017,0.00198,0.0026,0.89556,0.84931,0.96587,1.07944,1.09178
0.02,0.03,0.2,0.3,0.6,0.65,0.06096,0.00259,0.00351,0.03015,0.00174,0.00188,0.92067,0.87881,0.96587,1.08398,1.09656
0.02,0.03,0.2,0.3,0.65,0.7,0.04444,0.00222,0.00253,0.0225,0.00156,0.00129,0.98339,0.97412,0.96587,1.08854,1.10136
0.02,0.03,0.2,0.3,0.7,0.75,0.03819,0.00211,0.00226,0.01623,0.00134,0.00094,0.99319,0.98808,0.96587,1.09314,1.10621
0.02,0.03,0.2,0.3,0.75,0.85,0.02743,0.00131,0.00171,0.0121,0.00086,0.00071,0.99904,0.9974,0.96556,1.10009,1.11355
0.02,0.03,0.3,0.5,0.2,0.25,0.42698,0.01176,0.02312,0.32687,0.01026,0.01787,0.99994,0.99994,0.98219,1.07239,1.08096
0.02,0.03,0.3,0.5,0.25,0.3,0.33,0.00727,0.01779,0.24521,0.00626,0.01332,0.99969,0.99963,0.97945,1.0677,1.07713
0.02,0.03,0.3,0.5,0.3,0.35,0.24764,0.00611,0.01334,0.18713,0.00537,0.0102,0.9989,0.99867,0.97921,1.07065,1.08036
0.02,0.03,0.3,0.5,0.35,0.4,0.19932,0.00553,0.01076,0.13693,0.00456,0.0075,0.98828,0.98509,0.97921,1.07523,1.08518
0.02,0.03,0.3,0.5,0.4,0.45,0.16566,0.00507,0.00914,0.09985,0.00384,0.00557,0.97455,0.96555,0.97921,1.07985,1.09004
0.02,0.03,0.3,0.5,0.45,0.5,0.12783,0.00447,0.00725,0.07199,0.00325,0.00413,0.96532,0.9546,0.97915,1.08396,1.09441
0.02,0.03,0.3,0.5,0.5,0.55,0.09739,0.00407,0.00569,0.06084,0.00316,0.00363,0.94958,0.92961,0.97856,1.08803,1.09888
0.02,0.03,0.3,0.5,0.55,0.6,0.08674,0.0043,0.00526,0.04621,0.00304,0.00294,0.92856,0.90734,0.97778,1.09041,1.10164
0.02,0.03,0.3,0.5,0.6,0.65,0.07332,0.00453,0.0047,0.0333,0.00287,0.00211,0.94219,0.91373,0.977,1.09395,1.10559
0.02,0.03,0.3,0.5,0.65,0.7,0.04872,0.00426,0.0031,0.02448,0.003,0.00148,0.98906,0.98458,0.97615,1.09641,1.10842
0.02,0.03,0.3,0.5,0.7,0.75,0.04167,0.00499,0.0026,0.01591,0.00294,0.00139,0.99369,0.99323,0.97536,1.10111,1.11349
0.02,0.03,0.5,0.7,0.2,0.25,0.42405,0.01393,0.02399,0.36147,0.01292,0.02054,0.99996,0.99996,0.98679,1.11054,1.11672
0.02,0.03,0.5,0.7,0.25,0.3,0.33674,0.01277,0.01915,0.24867,0.01085,0.01425,0.99984,0.99981,0.98679,1.11494,1.12137
0.02,0.03,0.5,0.7,0.3,0.35,0.27486,0.01161,0.01595,0.2059,0.01014,0.01212,0.99942,0.99926,0.98679,1.11864,1.12537
0.02,0.03,0.5,0.7,0.35,0.4,0.1967,0.01122,0.01177,0.12232,0.00853,0.00734,0.99249,0.99051,0.9864,1.11903,1.12637
0.02,0.03,0.5,0.7,0.4,0.45,0.17765,0.01461,0.01093,0.11724,0.0114,0.00719,0.98499,0.97491,0.9858,1.11672,1.12475
0.03,0.04,0.1,0.15,0.55,0.6,0.06513,0.00603,0.00405,0.03003,0.00414,0.00207,0.86871,0.83548,0.95777,1.07022,1.08334
0.03,0.04,0.1,0.15,0.6,0.65,0.0488,0.00371,0.0028,0.02416,0.0025,0.00154,0.90795,0.86682,0.9562,1.07282,1.08597
0.03,0.04,0.1,0.15,0.65,0.7,0.0491,0.00319,0.00273,0.0181,0.00186,0.00103,0.97287,0.94332,0.95378,1.07695,1.09014
0.03,0.04,0.1,0.15,0.7,0.75,0.03931,0.00247,0.00218,0.01444,0.00146,0.00082,0.9909,0.98286,0.95163,1.0837,1.09696
0.03,0.04,0.1,0.15,0.75,0.85,0.02677,0.00135,0.00153,0.00818,0.00073,0.00047,0.99778,0.99336,0.95024,1.09142,1.10473
0.03,0.04,0.15,0.2,0.45,0.5,0.12566,0.00684,0.00696,0.06193,0.00473,0.00361,0.94062,0.92204,0.96858,1.06637,1.07928
0.03,0.04,0.15,0.2,0.5,0.55,0.08505,0.00428,0.00475,0.04225,0.00299,0.00263,0.92817,0.89719,0.96673,1.0701,1.08306
0.03,0.04,0.15,0.2,0.55,0.6,0.0775,0.00399,0.00448,0.03551,0.00257,0.00227,0.90437,0.8618,0.96643,1.07399,1.08698
0.03,0.04,0.15,0.2,0.6,0.65,0.05868,0.00341,0.00335,0.03025,0.0024,0.00186,0.92359,0.89624,0.96643,1.07923,1.09224
0.03,0.04,0.15,0.2,0.65,0.7,0.04391,0.00302,0.00242,0.02091,0.00205,0.00119,0.9835,0.96931,0.96643,1.08428,1.09731
0.03,0.04,0.15,0.2,0.7,0.75,0.03813,0.0028,0.00211,0.01584,0.00181,0.00089,0.99328,0.98948,0.96643,1.08941,1.10247
0.03,0.04,0.15,0.2,0.75,0.85,0.03085,0.00183,0.00173,0.0078,0.00085,0.00044,0.99834,0.99707,0.96643,1.09707,1.11017
0.03,0.04,0.2,0.3,0.3,0.35,0.23405,0.01165,0.0123,0.15449,0.00933,0.00825,0.99895,0.99872,0.98036,1.05036,1.06235
0.03,0.04,0.2,0.3,0.35,0.4,0.18763,0.0072,0.01001,0.11813,0.0057,0.00642,0.98695,0.98168,0.97826,1.05788,1.07015
0.03,0.04,0.2,0.3,0.4,0.45,0.14878,0.00553,0.00797,0.08598,0.00412,0.00471,0.96881,0.9586,0.97708,1.06192,1.0743
0.03,0.04,0.2,0.3,0.45,0.5,0.11969,0.00497,0.00656,0.07151,0.00383,0.00403,0.96069,0.94806,0.97709,1.06716,1.07955
0.03,0.04,0.2,0.3,0.5,0.55,0.09737,0.00444,0.00534,0.04693,0.003,0.00265,0.9497,0.92895,0.97709,1.0721,1.08454
0.03,0.04,0.2,0.3,0.55,0.6,0.07617,0.00394,0.00429,0.03748,0.0026,0.0022,0.92647,0.90535,0.97709,1.07726,1.08971
0.03,0.04,0.2,0.3,0.6,0.65,0.06056,0.00347,0.00341,0.03019,0.00245,0.00175,0.94427,0.92012,0.97709,1.08256,1.09504
0.03,0.04,0.2,0.3,0.65,0.7,0.05491,0.00346,0.00314,0.01876,0.00193,0.00107,0.99018,0.98384,0.97709,1.08753,1.10004
0.03,0.04,0.2,0.3,0.7,0.75,0.04022,0.00296,0.00249,0.0141,0.00169,0.00082,0.99599,0.994,0.97709,1.09282,1.10537
0.03,0.04,0.2,0.3,0.75,0.85,0.02842,0.00182,0.00191,0.00825,0.00093,0.00049,0.99906,0.99824,0.97692,1.10108,1.11369
0.03,0.04,0.3,0.5,0.2,0.25,0.44493,0.01677,0.02397,0.3187,0.01413,0.01733,0.99997,0.99996,0.98813,1.06738,1.07742
0.03,0.04,0.3,0.5,0.25,0.3,0.33185,0.01007,0.01774,0.24217,0.00861,0.01313,0.99983,0.99977,0.98636,1.06463,1.07539
0.03,0.04,0.3,0.5,0.3,0.35,0.26755,0.00891,0.01439,0.18605,0.00744,0.01011,0.99933,0.99919,0.98616,1.06859,1.07942
0.03,0.04,0.3,0.5,0.35,0.4,0.20753,0.00779,0.01134,0.13284,0.00619,0.00732,0.99248,0.99033,0.98616,1.07346,1.08434
0.03,0.04,0.3,0.5,0.4,0.45,0.16917,0.0071,0.00935,0.0914,0.00506,0.00519,0.98224,0.97689,0.98616,1.07902,1.08989
0.03,0.04,0.3,0.5,0.45,0.5,0.13359,0.00626,0.00763,0.07132,0.0045,0.00414,0.97559,0.96839,0.98612,1.08398,1.09491
0.03,0.04,0.3,0.5,0.5,0.55,0.11218,0.00617,0.00683,0.05793,0.00444,0.00351,0.96758,0.96235,0.98576,1.08819,1.09933
0.03,0.04,0.3,0.5,0.55,0.6,0.08373,0.00575,0.00536,0.035,0.00351,0.00208,0.96377,0.93939,0.98528,1.09196,1.10328
0.03,0.04,0.3,0.5,0.6,0.65,0.07296,0.00606,0.00489,0.03376,0.00406,0.00227,0.96615,0.95571,0.9847,1.09443,1.10591
0.03,0.04,0.3,0.5,0.65,0.7,0.04675,0.00563,0.00328,0.01756,0.0034,0.00106,0.99439,0.99172,0.98415,1.09783,1.10947
0.03,0.04,0.3,0.5,0.7,0.75,0.0415,0.00672,0.0027,0.02866,0.00624,0.00245,0.99741,0.99432,0.98376,1.09684,1.10856
0.03,0.04,0.5,0.7,0.2,0.25,0.48141,0.0222,0.02679,0.33182,0.01833,0.01859,0.99998,0.99998,0.99127,1.09678,1.10426
0.03,0.04,0.5,0.7,0.25,0.3,0.34978,0.0193,0.01974,0.27999,0.01739,0.0159,0.9999,0.9999,0.99127,1.10167,1.10921
0.03,0.04,0.5,0.7,0.3,0.35,0.32135,0.01946,0.01862,0.18193,0.01399,0.01067,0.99966,0.9996,0.99126,1.1065,1.11406
0.03,0.04,0.5,0.7,0.35,0.4,0.23463,0.01815,0.01428,0.12175,0.01244,0.00717,0.99548,0.99441,0.99095,1.10903,1.11702
0.03,0.04,0.5,0.7,0.4,0.45,0.15149,0.01913,0.01007,0.09143,0.01428,0.00608,0.99004,0.98508,0.99051,1.11707,1.1256
0.04,0.06,0.1,0.15,0.6,0.65,0.05862,0.00413,0.00321,0.03074,0.00301,0.00175,0.94722,0.91729,0.96977,1.06847,1.08183
0.04,0.06,0.1,0.15,0.65,0.7,0.04057,0.00278,0.00225,0.01679,0.00179,0.00096,0.98245,0.96564,0.96818,1.0766,1.08987
0.04,0.06,0.1,0.15,0.7,0.75,0.03871,0.0024,0.00213,0.01144,0.00127,0.00064,0.99384,0.98855,0.96661,1.08296,1.0961
0.04,0.06,0.1,0.15,0.75,0.85,0.02771,0.00133,0.00155,0.0063,0.0006,0.00037,0.99838,0.99576,0.96506,1.09287,1.10581
0.04,0.06,0.15,0.2,0.45,0.5,0.1114,0.00634,0.0059,0.06312,0.00483,0.00345,0.96609,0.95059,0.97854,1.05483,1.06844
0.04,0.06,0.15,0.2,0.5,0.55,0.0882,0.00437,0.00477,0.04428,0.00302,0.00249,0.95121,0.92985,0.97702,1.06099,1.0745
0.04,0.06,0.15,0.2,0.55,0.6,0.07107,0.0037,0.0039,0.03331,0.00245,0.00196,0.93705,0.907,0.9768,1.06625,1.07959
0.04,0.06,0.15,0.2,0.6,0.65,0.05938,0.00345,0.00328,0.03299,0.00254,0.0019,0.95569,0.92717,0.97681,1.07164,1.08483
0.04,0.06,0.15,0.2,0.65,0.7,0.04814,0.00314,0.00262,0.01989,0.00195,0.00111,0.98953,0.97917,0.97681,1.07723,1.09025
0.04,0.06,0.15,0.2,0.7,0.75,0.03309,0.00254,0.00183,0.01302,0.00161,0.00076,0.99619,0.99283,0.97681,1.08305,1.0959
0.04,0.06,0.15,0.2,0.75,0.85,0.02756,0.00167,0.00152,0.0065,0.00077,0.00036,0.9992,0.99723,0.97681,1.09104,1.10365
0.04,0.06,0.2,0.3,0.3,0.35,0.25598,0.01224,0.01349,0.15103,0.00924,0.0081,0.99928,0.99909,0.98635,1.05436,1.06779
0.04,0.06,0.2,0.3,0.35,0.4,0.207,0.00752,0.01101,0.12479,0.00584,0.00681,0.99164,0.98869,0.98505,1.05719,1.07066
0.04,0.06,0.2,0.3,0.4,0.45,0.14804,0.0055,0.0079,0.07936,0.00397,0.00431,0.97897,0.97261,0.98424,1.06093,1.0743
0.04,0.06,0.2,0.3,0.45,0.5,0.12263,0.00502,0.00659,0.06682,0.00364,0.00367,0.97608,0.9681,0.98424,1.06641,1.07962
0.04,0.06,0.2,0.3,0.5,0.55,0.1046,0.00461,0.00565,0.04645,0.00298,0.00259,0.96807,0.95523,0.98424,1.07208,1.08512
0.04,0.06,0.2,0.3,0.55,0.6,0.08281,0.00412,0.00454,0.03792,0.00272,0.0022,0.96034,0.94135,0.98424,1.07764,1.09052
0.04,0.06,0.2,0.3,0.6,0.65,0.06727,0.0037,0.00376,0.02731,0.00224,0.00155,0.9667,0.9519,0.98424,1.08327,1.09599
0.04,0.06,0.2,0.3,0.65,0.7,0.05154,0.00327,0.00298,0.01719,0.00184,0.00097,0.99363,0.98853,0.98424,1.08875,1.10131
0.04,0.06,0.2,0.3,0.7,0.75,0.03784,0.00278,0.00231,0.01273,0.00158,0.00075,0.99745,0.99631,0.98424,1.09434,1.10673
0.04,0.06,0.2,0.3,0.75,0.85,0.02744,0.00177,0.00183,0.00677,0.00082,0.00044,0.99942,0.99894,0.98411,1.1028,1.11496
0.04,0.06,0.3,0.5,0.2,0.25,0.47235,0.01773,0.02551,0.31893,0.01449,0.01734,0.99998,0.99998,0.99163,1.06491,1.0766
0.04,0.06,0.3,0.5,0.25,0.3,0.35003,0.01035,0.01867,0.24082,0.0087,0.01298,0.99989,0.99985,0.99037,1.059,1.07125
0.04,0.06,0.3,0.5,0.3,0.35,0.27636,0.00897,0.01477,0.16082,0.00679,0.00873,0.99958,0.99946,0.99025,1.06348,1.0756
0.04,0.06,0.3,0.5,0.35,0.4,0.22442,0.0082,0.01209,0.12161,0.00592,0.00662,0.99502,0.99323,0.99025,1.06905,1.08102
0.04,0.06,0.3,0.5,0.4,0.45,0.17046,0.00707,0.00931,0.0876,0.00498,0.00485,0.98836,0.98374,0.99025,1.07468,1.08648
0.04,0.06,0.3,0.5,0.45,0.5,0.139,0.00648,0.00802,0.0652,0.00426,0.00373,0.98662,0.98076,0.99022,1.07938,1.09103
0.04,0.06,0.3,0.5,0.5,0.55,0.10121,0.00575,0.00596,0.04381,0.00365,0.00257,0.98035,0.97097,0.98997,1.08376,1.09535
0.04,0.06,0.3,0.5,0.55,0.6,0.07634,0.00534,0.00504,0.04426,0.0041,0.00286,0.97308,0.96046,0.98961,1.08611,1.09772
0.04,0.06,0.3,0.5,0.6,0.65,0.06277,0.00559,0.00441,0.03548,0.00414,0.00253,0.97989,0.97418,0.98927,1.0879,1.09945
0.04,0.06,0.3,0.5,0.65,0.7,0.05374,0.00616,0.00355,0.01969,0.00335,0.00133,0.99637,0.99503,0.98895,1.09087,1.10242
0.04,0.06,0.3,0.5,0.7,0.75,0.05427,0.00806,0.00438,0.01021,0.00288,0.00063,0.99849,0.99703,0.98866,1.09035,1.10181
0.04,0.06,0.5,0.7,0.2,0.25,0.40108,0.02226,0.02187,0.35354,0.02142,0.0192,0.99998,0.99998,0.99398,1.07477,1.08355
0.04,0.06,0.5,0.7,0.25,0.3,0.36247,0.02183,0.0199,0.2684,0.01851,0.01485,0.99994,0.99992,0.99398,1.08047,1.08907
0.04,0.06,0.5,0.7,0.3,0.35,0.27945,0.01935,0.01582,0.18186,0.01546,0.01013,0.99977,0.99969,0.99396,1.08545,1.09392
0.04,0.06,0.5,0.7,0.35,0.4,0.23523,0.01966,0.01395,0.11893,0.01377,0.0068,0.99715,0.99587,0.9937,1.09322,1.102
0.04,0.06,0.5,0.7,0.4,0.45,0.1432,0.01971,0.0092,0.11665,0.01807,0.00796,0.99296,0.99037,0.99332,1.10145,1.1106
0.06,0.1,0.1,0.15,0.6,0.65,0.05206,0.00444,0.00278,0.01871,0.00262,0.00105,0.96687,0.94743,0.98156,1.06687,1.08104
0.06,0.1,0.1,0.15,0.65,0.7,0.05108,0.00369,0.00275,0.01287,0.00178,0.00071,0.99071,0.98261,0.98059,1.07369,1.08752
0.06,0.1,0.1,0.15,0.7,0.75,0.03543,0.00265,0.00192,0.01018,0.00141,0.00057,0.99696,0.99248,0.97949,1.08001,1.0935
0.06,0.1,0.1,0.15,0.75,0.85,0.03198,0.0017,0.00178,0.00595,0.00069,0.00035,0.99887,0.99742,0.97852,1.08753,1.10047
0.06,0.1,0.15,0.2,0.45,0.5,0.11227,0.00743,0.00586,0.05237,0.00499,0.00286,0.97963,0.97405,0.9868,1.04911,1.06408
0.06,0.1,0.15,0.2,0.5,0.55,0.08978,0.00514,0.00483,0.04227,0.0035,0.00231,0.97056,0.95635,0.98593,1.05982,1.07456
0.06,0.1,0.15,0.2,0.55,0.6,0.07085,0.00435,0.00383,0.02862,0.00273,0.00159,0.96867,0.94233,0.98583,1.06546,1.07981
0.06,0.1,0.15,0.2,0.6,0.65,0.04746,0.00344,0.00255,0.01985,0.00221,0.00112,0.97793,0.95795,0.98584,1.07137,1.08535
0.06,0.1,0.15,0.2,0.65,0.7,0.05411,0.00382,0.00295,0.01653,0.00212,0.00093,0.99424,0.99001,0.98584,1.07743,1.09103
0.06,0.1,0.15,0.2,0.7,0.75,0.04697,0.00359,0.00259,0.01059,0.00166,0.00059,0.99784,0.9957,0.98584,1.08331,1.09653
0.06,0.1,0.15,0.2,0.75,0.85,0.02803,0.00193,0.00155,0.00516,0.00078,0.00029,0.99954,0.99901,0.98584,1.09196,1.10462
0.06,0.1,0.2,0.3,0.3,0.35,0.25545,0.01347,0.01332,0.18843,0.01206,0.00997,0.99957,0.99937,0.99156,1.04065,1.056
0.06,0.1,0.2,0.3,0.35,0.4,0.20007,0.00826,0.01049,0.09717,0.00573,0.00514,0.99494,0.99234,0.99076,1.03993,1.05505
0.06,0.1,0.2,0.3,0.4,0.45,0.16142,0.00654,0.00847,0.07328,0.00428,0.00393,0.98839,0.98326,0.99029,1.04536,1.0602
0.06,0.1,0.2,0.3,0.45,0.5,0.14709,0.0063,0.00778,0.05283,0.00363,0.00285,0.98572,0.97989,0.99029,1.05141,1.06585
0.06,0.1,0.2,0.3,0.5,0.55,0.10677,0.00528,0.00568,0.04552,0.00336,0.00253,0.98244,0.97204,0.99029,1.05735,1.0714
0.06,0.1,0.2,0.3,0.55,0.6,0.08095,0.00456,0.00431,0.02712,0.00252,0.00147,0.97693,0.96203,0.99029,1.0633,1.07697
0.06,0.1,0.2,0.3,0.6,0.65,0.06121,0.00389,0.00337,0.02387,0.00244,0.00133,0.9858,0.97353,0.99029,1.06887,1.0822
0.06,0.1,0.2,0.3,0.65,0.7,0.05367,0.00376,0.00315,0.01531,0.00185,0.00087,0.99723,0.99498,0.99029,1.07476,1.08771
0.06,0.1,0.2,0.3,0.7,0.75,0.0439,0.00341,0.00278,0.01116,0.00161,0.00071,0.99873,0.99802,0.99029,1.08082,1.09337
0.06,0.1,0.2,0.3,0.75,0.85,0.02958,0.00204,0.00216,0.00714,0.00095,0.00045,0.99974,0.99939,0.99022,1.08933,1.10134
0.06,0.1,0.3,0.5,0.2,0.25,0.48856,0.02289,0.02593,0.36095,0.01991,0.01936,0.99999,0.99999,0.99474,1.0463,1.06012
0.06,0.1,0.3,0.5,0.25,0.3,0.3487,0.01268,0.01854,0.22241,0.00999,0.01182,0.99992,0.99991,0.99396,1.04845,1.06278
0.06,0.1,0.3,0.5,0.3,0.35,0.30156,0.01135,0.01598,0.1607,0.00823,0.00864,0.99974,0.99965,0.9939,1.05332,1.06732
0.06,0.1,0.3,0.5,0.35,0.4,0.21259,0.00935,0.01128,0.11289,0.00683,0.00608,0.99706,0.99577,0.9939,1.05899,1.07265
0.06,0.1,0.3,0.5,0.4,0.45,0.17182,0.00865,0.00932,0.08396,0.00585,0.00464,0.99317,0.99102,0.9939,1.06515,1.07841
0.06,0.1,0.3,0.5,0.45,0.5,0.13657,0.00755,0.00784,0.05435,0.00459,0.00319,0.99138,0.98712,0.99388,1.07093,1.08386
0.06,0.1,0.3,0.5,0.5,0.55,0.11896,0.0076,0.00743,0.04467,0.00443,0.00256,0.98818,0.97982,0.99372,1.07624,1.08889
0.06,0.1,0.3,0.5,0.55,0.6,0.07613,0.00631,0.00542,0.03058,0.00391,0.00185,0.98507,0.97656,0.99351,1.08351,1.09599
0.06,0.1,0.3,0.5,0.6,0.65,0.06259,0.00635,0.00487,0.03038,0.00432,0.00249,0.98868,0.98187,0.99331,1.08903,1.10132
0.06,0.1,0.3,0.5,0.65,0.7,0.05829,0.00718,0.00412,0.01552,0.00368,0.00103,0.99719,0.99699,0.9931,1.09763,1.10967
0.06,0.1,0.3,0.5,0.7,0.75,0.04584,0.00798,0.00411,0.00859,0.0032,0.00052,0.99912,0.99826,0.99286,1.098,1.10973
0.06,0.1,0.5,0.7,0.2,0.25,0.45646,0.03249,0.02473,0.40875,0.03199,0.02226,0.99999,0.99999,0.99628,1.06279,1.07351
0.06,0.1,0.5,0.7,0.25,0.3,0.38382,0.03065,0.02077,0.23715,0.02398,0.01283,0.99996,0.99996,0.99628,1.06873,1.07909
0.06,0.1,0.5,0.7,0.3,0.35,0.2959,0.0278,0.0164,0.17861,0.02067,0.01017,0.99986,0.9998,0.99627,1.07476,1.0847
0.06,0.1,0.5,0.7,0.35,0.4,0.26109,0.02909,0.017,0.16496,0.02249,0.00977,0.99833,0.99769,0.99612,1.07912,1.08908
0.06,0.1,0.5,0.7,0.4,0.45,0.13934,0.02391,0.00846,0.02906,0.01121,0.00556,0.99624,0.99508,0.9959,1.08069,1.09087
0.1,0.14,0.1,0.15,0.6,0.65,0.06072,0.00899,0.00329,0.01615,0.0047,0.00087,0.98742,0.9696,0.98872,1.0573,1.07262
0.1,0.14,0.1,0.15,0.65,0.7,0.04245,0.00591,0.00228,0.00956,0.00265,0.00054,0.99509,0.98945,0.988,1.06025,1.07504
0.1,0.14,0.1,0.15,0.7,0.75,0.03306,0.0048,0.00225,0.01034,0.00262,0.00057,0.99854,0.99714,0.98738,1.06481,1.07906
0.1,0.14,0.1,0.15,0.75,0.85,0.02722,0.00278,0.0015,0.00613,0.00131,0.00037,0.99944,0.99891,0.98681,1.07157,1.08501
0.1,0.14,0.15,0.2,0.45,0.5,0.12949,0.01342,0.00673,0.02805,0.00586,0.00149,0.98996,0.98436,0.99168,1.04015,1.05685
0.1,0.14,0.15,0.2,0.5,0.55,0.10457,0.00933,0.0055,0.02604,0.00455,0.00141,0.98479,0.97713,0.99133,1.0436,1.05973
0.1,0.14,0.15,0.2,0.55,0.6,0.07033,0.00734,0.0038,0.02516,0.00414,0.00136,0.98381,0.96913,0.99126,1.04906,1.06467
0.1,0.14,0.15,0.2,0.6,0.65,0.06038,0.0068,0.00321,0.01456,0.00317,0.00081,0.98831,0.97781,0.99126,1.05481,1.0699
0.1,0.14,0.15,0.2,0.65,0.7,0.05114,0.00612,0.00279,0.01044,0.00275,0.00061,0.99752,0.99441,0.99126,1.06116,1.07566
0.1,0.14,0.15,0.2,0.7,0.75,0.03254,0.0049,0.00179,0.00677,0.00231,0.00062,0.99913,0.99722,0.99126,1.06696,1.08092
0.1,0.14,0.15,0.2,0.75,0.85,0.03612,0.00365,0.00199,0.00066,0.00046,0.00021,0.99984,0.99904,0.99126,1.07541,1.08859
0.1,0.14,0.2,0.3,0.3,0.35,0.2863,0.02543,0.01491,0.13132,0.01664,0.0069,0.99964,0.99957,0.99472,1.01814,1.0354
0.1,0.14,0.2,0.3,0.35,0.4,0.23197,0.01504,0.012,0.0933,0.00942,0.00486,0.99695,0.99531,0.99418,1.01795,1.03481
0.1,0.14,0.2,0.3,0.4,0.45,0.14542,0.01016,0.00751,0.05863,0.00634,0.00308,0.99394,0.99043,0.99391,1.02551,1.04197
0.1,0.14,0.2,0.3,0.45,0.5,0.12112,0.00916,0.00633,0.04642,0.00577,0.00261,0.99157,0.9882,0.99391,1.0313,1.04723
0.1,0.14,0.2,0.3,0.5,0.55,0.10257,0.0085,0.00535,0.0319,0.00457,0.00171,0.989,0.9842,0.99391,1.03746,1.05282
0.1,0.14,0.2,0.3,0.55,0.6,0.0764,0.00704,0.004,0.01982,0.00354,0.00104,0.99042,0.97817,0.99391,1.0431,1.05795
0.1,0.14,0.2,0.3,0.6,0.65,0.06509,0.0066,0.00355,0.01974,0.00345,0.00107,0.99372,0.98236,0.99391,1.04936,1.06362
0.1,0.14,0.2,0.3,0.65,0.7,0.05431,0.00622,0.00334,0.01023,0.00262,0.00059,0.99845,0.99654,0.99391,1.05534,1.06906
0.1,0.14,0.2,0.3,0.7,0.75,0.04171,0.00521,0.00244,0.00334,0.00145,0.00069,0.99922,0.99852,0.99391,1.06102,1.0742
0.1,0.14,0.2,0.3,0.75,0.85,0.0252,0.00301,0.00174,0.00441,0.00118,0.00036,0.9998,0.99959,0.99387,1.07083,1.08329
0.1,0.14,0.3,0.5,0.2,0.25,0.46353,0.04107,0.02417,0.2911,0.03368,0.01571,0.99999,0.99999,0.99668,1.02127,1.03727
0.1,0.14,0.3,0.5,0.25,0.3,0.35442,0.02324,0.01841,0.22321,0.01842,0.01171,0.99996,0.99995,0.99621,1.02231,1.03866
0.1,0.14,0.3,0.5,0.3,0.35,0.30283,0.02088,0.01586,0.14324,0.01416,0.00754,0.99982,0.99973,0.99618,1.02747,1.04332
0.1,0.14,0.3,0.5,0.35,0.4,0.26726,0.01959,0.01418,0.09762,0.01124,0.00519,0.99849,0.99749,0.99618,1.03322,1.04855
0.1,0.14,0.3,0.5,0.4,0.45,0.17348,0.01538,0.0092,0.05931,0.00849,0.0032,0.99675,0.99575,0.99618,1.03922,1.054
0.1,0.14,0.3,0.5,0.45,0.5,0.14921,0.01439,0.00854,0.06512,0.00966,0.00371,0.99535,0.9926,0.99617,1.04425,1.05856
0.1,0.14,0.3,0.5,0.5,0.55,0.12502,0.01377,0.0081,0.03281,0.00654,0.00181,0.99389,0.99018,0.99608,1.05312,1.06705
0.1,0.14,0.3,0.5,0.55,0.6,0.08659,0.01253,0.00603,0.02287,0.00609,0.00137,0.99193,0.98828,0.99594,1.06126,1.07472
0.1,0.14,0.3,0.5,0.6,0.65,0.07028,0.01226,0.00693,0.03005,0.0083,0.00244,0.99543,0.99059,0.9958,1.06021,1.07326
0.1,0.14,0.3,0.5,0.65,0.7,0.07538,0.01442,0.00337,0.02433,0.01122,0.00058,0.99786,0.99482,0.99565,1.06553,1.07815
0.1,0.14,0.3,0.5,0.7,0.75,0.05319,0.01532,0.0065,1.00E-09,0,0,0.99918,0.99763,0.99557,1.07928,1.09167
0.1,0.14,0.5,0.7,0.2,0.25,0.56747,0.07095,0.02977,0.25909,0.04631,0.01486,1,1,0.99758,1.04878,1.06155
0.1,0.14,0.5,0.7,0.25,0.3,0.29574,0.05362,0.0176,0.25647,0.04943,0.01488,0.99998,0.99997,0.99758,1.05408,1.06642
0.1,0.14,0.5,0.7,0.3,0.35,0.29992,0.05183,0.01727,0.19448,0.04423,0.01077,0.99993,0.9999,0.99758,1.05963,1.07145
0.1,0.14,0.5,0.7,0.35,0.4,0.30895,0.0595,0.01961,0.06826,0.02363,0.00404,0.99906,0.9986,0.99748,1.0669,1.07855
0.1,0.14,0.5,0.7,0.4,0.45,0.1918,0.06237,0.01119,1.00E-09,0,0,0.99827,0.99649,0.99732,1.06799,1.07962
0.14,0.18,0.1,0.15,0.6,0.65,0.06889,0.01549,0.00399,0.01047,0.00513,0.00067,0.9901,0.97749,0.99151,1.04864,1.06505
0.14,0.18,0.1,0.15,0.65,0.7,0.06451,0.0123,0.00303,0.01726,0.00904,0.00041,0.99699,0.99494,0.99114,1.05338,1.06919
0.14,0.18,0.1,0.15,0.7,0.75,0.0288,0.00705,0.0028,0.0128,0.00495,0.00073,0.99913,0.99611,0.99072,1.05873,1.07385
0.14,0.18,0.1,0.15,0.75,0.85,0.02729,0.0047,0.0015,0.00482,0.002,0.00027,0.99956,0.99913,0.99031,1.06714,1.08138
0.14,0.18,0.15,0.2,0.45,0.5,0.12977,0.02127,0.00673,0.02487,0.00801,0.00157,0.99233,0.98379,0.99391,1.02949,1.04747
0.14,0.18,0.15,0.2,0.5,0.55,0.09201,0.01352,0.00478,0.0351,0.00911,0.00185,0.99062,0.97966,0.99355,1.03707,1.05451
0.14,0.18,0.15,0.2,0.55,0.6,0.04096,0.00821,0.00274,0.00327,0.00238,0.00066,0.98679,0.97753,0.99352,1.04308,1.05982
0.14,0.18,0.15,0.2,0.6,0.65,0.09402,0.01451,0.00519,0.00763,0.00374,0.001,0.99251,0.98522,0.99352,1.0488,1.06493
0.14,0.18,0.15,0.2,0.65,0.7,0.06301,0.01096,0.00346,0.00851,0.00356,0.00052,0.99791,0.99558,0.99352,1.05502,1.07045
0.14,0.18,0.15,0.2,0.7,0.75,0.04985,0.01062,0.0024,0.0058,0.00425,0.00014,0.9989,0.99833,0.99352,1.06104,1.07583
0.14,0.18,0.15,0.2,0.75,0.85,0.02022,0.00403,0.00109,0.00108,0.00089,0.00011,0.99988,0.99949,0.99352,1.06912,1.08303
0.14,0.18,0.2,0.3,0.3,0.35,0.21684,0.03275,0.01117,0.13592,0.02537,0.00717,0.9997,0.99961,0.99602,1.0101,1.02894
0.14,0.18,0.2,0.3,0.35,0.4,0.19709,0.02154,0.01113,0.09722,0.01542,0.0051,0.99805,0.99709,0.99562,1.01952,1.03802
0.14,0.18,0.2,0.3,0.4,0.45,0.14755,0.01547,0.00777,0.0479,0.00896,0.00255,0.99583,0.9924,0.99542,1.03087,1.04896
0.14,0.18,0.2,0.3,0.45,0.5,0.15412,0.01668,0.00804,0.03065,0.00694,0.00176,0.99312,0.99083,0.99543,1.03657,1.05404
0.14,0.18,0.2,0.3,0.5,0.55,0.1106,0.01342,0.00588,0.03125,0.00732,0.00173,0.99236,0.98892,0.99543,1.04298,1.05974
0.14,0.18,0.2,0.3,0.55,0.6,0.10067,0.01261,0.00534,0.02118,0.00573,0.00119,0.99229,0.9852,0.99543,1.04875,1.06488
0.14,0.18,0.2,0.3,0.6,0.65,0.06515,0.00978,0.00394,0.01561,0.00462,0.0009,0.9946,0.99119,0.99543,1.05483,1.07031
0.14,0.18,0.2,0.3,0.65,0.7,0.0387,0.00749,0.00211,0.01374,0.00463,0.00104,0.99846,0.99748,0.99543,1.06099,1.07579
0.14,0.18,0.2,0.3,0.7,0.75,0.04713,0.009,0.00292,0.00472,0.00349,0.00014,0.99938,0.99772,0.99543,1.06643,1.08064
0.14,0.18,0.2,0.3,0.75,0.85,0.02787,0.00491,0.00143,0.00284,0.00207,0.00007,0.99984,0.99926,0.9954,1.07487,1.08813
0.14,0.18,0.3,0.5,0.2,0.25,0.55603,0.07618,0.02915,0.20782,0.04255,0.0111,1,1,0.99743,1.01893,1.03669
0.14,0.18,0.3,0.5,0.25,0.3,0.36374,0.0375,0.01942,0.19637,0.02772,0.01024,0.99997,0.99996,0.99712,1.0146,1.03261
0.14,0.18,0.3,0.5,0.3,0.35,0.24711,0.02888,0.01357,0.11302,0.01996,0.00604,0.99988,0.99983,0.9971,1.01943,1.03688
0.14,0.18,0.3,0.5,0.35,0.4,0.20889,0.02667,0.01182,0.1093,0.01983,0.00583,0.99897,0.99838,0.9971,1.02568,1.04242
0.14,0.18,0.3,0.5,0.4,0.45,0.16053,0.02351,0.00888,0.05934,0.015,0.00346,0.99766,0.9954,0.9971,1.03157,1.04769
0.14,0.18,0.3,0.5,0.45,0.5,0.14372,0.02242,0.00927,0.03059,0.00988,0.00175,0.99732,0.99412,0.99709,1.03714,1.05258
0.14,0.18,0.3,0.5,0.5,0.55,0.14831,0.0252,0.00905,0.0152,0.00702,0.00133,0.99628,0.99293,0.99702,1.04177,1.05672
0.14,0.18,0.3,0.5,0.55,0.6,0.11329,0.02206,0.00811,0.0193,0.00931,0.00175,0.99337,0.99225,0.99692,1.04871,1.06325
0.14,0.18,0.3,0.5,0.6,0.65,0.09419,0.02256,0.00842,1.00E-09,0,0,0.99657,0.99223,0.99684,1.05062,1.0646
0.14,0.18,0.5,0.7,0.2,0.25,0.27155,0.07411,0.01478,0.43778,0.11901,0.02392,1,1,0.99813,1.04997,1.06475
0.14,0.18,0.5,0.7,0.25,0.3,0.4435,0.10189,0.02425,0.07201,0.04137,0.0102,0.99999,0.99998,0.99813,1.0544,1.06881
0.14,0.18,0.5,0.7,0.3,0.35,0.25396,0.07811,0.01518,0.11241,0.0482,0.00697,0.99995,0.99992,0.99813,1.06193,1.07544
0.14,0.18,0.5,0.7,0.35,0.4,0.24151,0.07772,0.01076,1.00E-09,0,0,0.99947,0.99903,0.99804,1.06858,1.08188
0.18,0.4,0.15,0.2,0.45,0.5,0.15583,0.02626,0.00897,0.036,0.01192,0.00188,0.99642,0.98866,0.99569,1.02417,1.04413
0.18,0.4,0.15,0.2,0.5,0.55,0.10816,0.01683,0.00559,0.01215,0.00504,0.00064,0.99537,0.99014,0.99545,1.02855,1.04798
0.18,0.4,0.15,0.2,0.55,0.6,0.03775,0.00905,0.0037,0.01427,0.00554,0.00075,0.9935,0.98833,0.99541,1.03449,1.05309
0.18,0.4,0.15,0.2,0.6,0.65,0.07182,0.01342,0.00379,0.01433,0.00542,0.00084,0.99547,0.9909,0.99541,1.0401,1.05796
0.18,0.4,0.15,0.2,0.65,0.7,0.06567,0.01279,0.00314,0.00279,0.00331,0.00007,0.99861,0.99634,0.99541,1.04586,1.06296
0.18,0.4,0.15,0.2,0.7,0.75,0.05114,0.01128,0.00278,0.00416,0.00272,0.00026,0.99921,0.99736,0.99541,1.05119,1.06757
0.18,0.4,0.15,0.2,0.75,0.85,0.0291,0.00589,0.00161,0.00438,0.00228,0.00024,0.99959,0.99905,0.99541,1.0598,1.07507
0.18,0.4,0.2,0.3,0.3,0.35,0.22945,0.03498,0.01194,0.09952,0.02269,0.00636,0.99987,0.9997,0.99715,1.00252,1.02381
0.18,0.4,0.2,0.3,0.35,0.4,0.21871,0.02274,0.0114,0.09134,0.0158,0.00493,0.99883,0.9982,0.9969,1.00686,1.02766
0.18,0.4,0.2,0.3,0.4,0.45,0.14977,0.01678,0.00799,0.04137,0.00842,0.00254,0.99723,0.99482,0.99679,1.01117,1.03126
0.18,0.4,0.2,0.3,0.45,0.5,0.14394,0.01631,0.00775,0.03421,0.00783,0.00182,0.99659,0.99429,0.99679,1.01696,1.03627
0.18,0.4,0.2,0.3,0.5,0.55,0.10314,0.01383,0.00534,0.0246,0.00641,0.00129,0.99638,0.99244,0.99679,1.02215,1.04076
0.18,0.4,0.2,0.3,0.55,0.6,0.10221,0.01385,0.00536,0.01165,0.00438,0.00074,0.99573,0.98994,0.99679,1.02868,1.04644
0.18,0.4,0.2,0.3,0.6,0.65,0.07151,0.01083,0.00419,0.00416,0.00254,0.00041,0.99714,0.9944,0.99679,1.03356,1.05065
0.18,0.4,0.2,0.3,0.65,0.7,0.05121,0.00933,0.00322,0.00497,0.00277,0.00029,0.99858,0.99672,0.99679,1.0394,1.05573
0.18,0.4,0.2,0.3,0.7,0.75,0.0476,0.0087,0.00335,0.0115,0.00432,0.00063,0.99935,0.99849,0.99679,1.04584,1.06134
0.18,0.4,0.2,0.3,0.75,0.85,0.02497,0.00454,0.00197,0.00345,0.00165,0.0003,0.99983,0.99943,0.99678,1.05316,1.06779
0.18,0.4,0.3,0.5,0.2,0.25,0.51602,0.06814,0.02742,0.38544,0.06396,0.02011,1,1,0.99816,0.99368,1.01337
0.18,0.4,0.3,0.5,0.25,0.3,0.3721,0.03681,0.01994,0.19062,0.02832,0.00989,0.99998,0.99997,0.99792,1.00213,1.02245
0.18,0.4,0.3,0.5,0.3,0.35,0.27725,0.03125,0.01476,0.14627,0.02269,0.0077,0.99991,0.99986,0.99791,1.00628,1.02602
0.18,0.4,0.3,0.5,0.35,0.4,0.24251,0.02899,0.0127,0.07336,0.01551,0.00382,0.99929,0.99902,0.99791,1.01228,1.0312
0.18,0.4,0.3,0.5,0.4,0.45,0.16829,0.02296,0.00902,0.05024,0.01269,0.00274,0.99862,0.99698,0.99791,1.01849,1.03662
0.18,0.4,0.3,0.5,0.45,0.5,0.16144,0.02405,0.00915,0.04688,0.01216,0.00333,0.99833,0.99703,0.9979,1.02279,1.04025
0.18,0.4,0.3,0.5,0.5,0.55,0.11414,0.02055,0.00662,0.02495,0.00935,0.0014,0.99764,0.99498,0.99785,1.02954,1.04655
0.18,0.4,0.3,0.5,0.55,0.6,0.10318,0.02036,0.00819,0.0235,0.01411,0.00066,0.99736,0.9938,0.99777,1.03417,1.05051
0.18,0.4,0.3,0.5,0.6,0.65,0.12024,0.02807,0.01005,1.00E-09,0,0,0.9979,0.99493,0.99771,1.0444,1.06017
0.18,0.4,0.3,0.5,0.65,0.7,0.05203,0.02692,0.0012,1.00E-09,0,0,0.99944,0.99402,0.99764,1.04763,1.06342
0.18,0.4,0.5,0.7,0.2,0.25,0.60178,0.17453,0.03177,0.23033,0.10816,0.01798,1,1,0.99868,1.009,1.02548
0.18,0.4,0.5,0.7,0.25,0.3,0.34533,0.12019,0.02668,0.11442,0.07165,0.01326,0.99999,0.99999,0.99868,1.01624,1.0317
0.18,0.4,0.5,0.7,0.3,0.35,0.17084,0.08191,0.01246,1.00E-09,0,0,0.99997,0.99995,0.99868,1.02404,1.03847
