#: table_doi: 10.17182/hepdata.77892.v1/t1,,,,,,,,,,,,,,
#: name: Table 1,,,,,,,,,,,,,,
#: description: Multiplicities of positively charged kaons from semi-inclusive deep-inelastic scattering of muons off an isoscalar target, $M^{K^{+}}$, in bins of $x$, $y$, and $z$. Also given are the diffractive vector meson correction to the kaon count, $DVM^{K^{+}}$, and DIS count, $DVM^{DIS}$, as well as the radiative correction factors to the kaon count, $\eta^{K^{+}}$, and DIS count, $\eta^{DIS}$. The correction factors were applied to the raw multiplicity to arrive at the final multiplicity given in the table, $M^{K^{+}}$, as follows:,
,,,,,,,,,,,,,,
$M^{K^{+}}$ =  $M_{raw}^{K^{+}}$ * $\frac{\eta^{K^{+}}} {\eta^{DIS}}$ * $\frac{ DVM^{K^{+}} }   {DVM^{DIS} }$.,,,,,,,,,,,,,,
#: data_file: data1.yaml,,,,,,,,,,,,,,
#: data_license:   ,,,,,,,,,,,,,,
#: keyword reactions: $\mu^{+}$ d--> $\mu^{+}$ $K^{+}$ X,,,,,,,,,,,,,,
#: keyword observables: MULT,,,,,,,,,,,,,,
#: keyword phrases: ,,,,,,,,,,,,,,
#: keyword cmenergies: ,,,,,,,,,,,,,,
#: PLAB [GEV],,,,,,,160,,,,,,,
#: RE,,,,,,,$\mu^{+}$ d-->$\mu^{+}$ $K^{+}$ X,,,,,,,
$x$,$x$ LOW,$x$ HIGH,$y$,$y$ LOW,$y$ HIGH,$<Q^2> (GeV/c)^2$,$z^{K^{+}}$,$z^{K^{+}}$ LOW,$z^{K^{+}}$ HIGH,$M^{K^{+}}$,stat +,stat -,sys +,sys -
0.0087,0.004,0.01,0.44,0.3,0.5,1.149,0.224,0.2,0.25,0.373,0.0076,-0.0076,0.028,-0.028
0.0088,0.004,0.01,0.44,0.3,0.5,1.138,0.274,0.25,0.3,0.2892,0.0064,-0.0064,0.0216,-0.0216
0.0088,0.004,0.01,0.44,0.3,0.5,1.138,0.324,0.3,0.35,0.2234,0.0057,-0.0057,0.0167,-0.0167
0.0088,0.004,0.01,0.44,0.3,0.5,1.138,0.374,0.35,0.4,0.1698,0.0051,-0.0051,0.0125,-0.0125
0.0088,0.004,0.01,0.44,0.3,0.5,1.138,0.424,0.4,0.45,0.1277,0.0044,-0.0044,0.0096,-0.0096
0.0088,0.004,0.01,0.43,0.3,0.5,1.132,0.474,0.45,0.5,0.0973,0.004,-0.004,0.0076,-0.0076
0.009,0.004,0.01,0.41,0.3,0.5,1.105,0.524,0.5,0.55,0.0761,0.0046,-0.0046,0.0072,-0.0072
0.0093,0.004,0.01,0.39,0.3,0.5,1.076,0.574,0.55,0.6,0.0561,0.0052,-0.0052,0.0057,-0.0057
0.0095,0.004,0.01,0.37,0.3,0.5,1.048,0.624,0.6,0.65,0.0551,0.0089,-0.0089,0.0058,-0.0058
0.0098,0.004,0.01,0.35,0.3,0.5,1.023,0.675,0.65,0.7,0.0362,0.0162,-0.0162,0.0054,-0.0054
0.0074,0.004,0.01,0.6,0.5,0.7,1.318,0.224,0.2,0.25,0.3805,0.0047,-0.0047,0.0316,-0.0316
0.0074,0.004,0.01,0.6,0.5,0.7,1.318,0.274,0.25,0.3,0.2929,0.0043,-0.0043,0.0242,-0.0242
0.0074,0.004,0.01,0.6,0.5,0.7,1.316,0.324,0.3,0.35,0.214,0.0039,-0.0039,0.0177,-0.0177
0.0076,0.004,0.01,0.57,0.5,0.7,1.282,0.374,0.35,0.4,0.1606,0.0043,-0.0043,0.0132,-0.0132
0.0079,0.004,0.01,0.53,0.5,0.7,1.244,0.424,0.4,0.45,0.1155,0.0055,-0.0055,0.0093,-0.0093
0.0184,0.01,0.02,0.19,0.15,0.2,1.085,0.424,0.4,0.45,0.1286,0.0117,-0.0117,0.0087,-0.0087
0.0188,0.01,0.02,0.19,0.15,0.2,1.065,0.474,0.45,0.5,0.1056,0.0079,-0.0079,0.0071,-0.0071
0.0188,0.01,0.02,0.19,0.15,0.2,1.065,0.524,0.5,0.55,0.0935,0.0076,-0.0076,0.0065,-0.0065
0.0188,0.01,0.02,0.19,0.15,0.2,1.065,0.575,0.55,0.6,0.0581,0.0054,-0.0054,0.0042,-0.0042
0.0188,0.01,0.02,0.19,0.15,0.2,1.065,0.624,0.6,0.65,0.0496,0.0051,-0.0051,0.0034,-0.0034
0.0188,0.01,0.02,0.19,0.15,0.2,1.065,0.674,0.65,0.7,0.0345,0.0043,-0.0043,0.0022,-0.0022
0.0188,0.01,0.02,0.19,0.15,0.2,1.065,0.724,0.7,0.75,0.033,0.0048,-0.0048,0.0021,-0.0021
0.0188,0.01,0.02,0.19,0.15,0.2,1.065,0.795,0.75,0.85,0.0236,0.0026,-0.0026,0.0015,-0.0015
0.0154,0.01,0.02,0.28,0.2,0.3,1.275,0.324,0.3,0.35,0.234,0.0056,-0.0056,0.0158,-0.0158
0.016,0.01,0.02,0.26,0.2,0.3,1.237,0.374,0.35,0.4,0.1808,0.0038,-0.0038,0.012,-0.012
0.0162,0.01,0.02,0.25,0.2,0.3,1.222,0.424,0.4,0.45,0.1372,0.0031,-0.0031,0.0094,-0.0094
0.0162,0.01,0.02,0.25,0.2,0.3,1.222,0.474,0.45,0.5,0.1039,0.0026,-0.0026,0.0071,-0.0071
0.0162,0.01,0.02,0.25,0.2,0.3,1.222,0.524,0.5,0.55,0.0824,0.0023,-0.0023,0.0058,-0.0058
0.0162,0.01,0.02,0.25,0.2,0.3,1.222,0.574,0.55,0.6,0.0622,0.002,-0.002,0.0048,-0.0048
0.0162,0.01,0.02,0.25,0.2,0.3,1.222,0.624,0.6,0.65,0.0512,0.0018,-0.0018,0.0035,-0.0035
0.0162,0.01,0.02,0.25,0.2,0.3,1.222,0.674,0.65,0.7,0.0359,0.0016,-0.0016,0.0024,-0.0024
0.0162,0.01,0.02,0.25,0.2,0.3,1.222,0.724,0.7,0.75,0.0307,0.0015,-0.0015,0.0022,-0.0022
0.0163,0.01,0.02,0.25,0.2,0.3,1.213,0.794,0.75,0.85,0.0215,0.001,-0.001,0.0018,-0.0018
0.0139,0.01,0.02,0.43,0.3,0.5,1.798,0.224,0.2,0.25,0.3846,0.005,-0.005,0.0282,-0.0282
0.014,0.01,0.02,0.39,0.3,0.5,1.612,0.274,0.25,0.3,0.2943,0.0033,-0.0033,0.0211,-0.0211
0.014,0.01,0.02,0.38,0.3,0.5,1.6,0.324,0.3,0.35,0.2363,0.003,-0.003,0.0169,-0.0169
0.014,0.01,0.02,0.38,0.3,0.5,1.6,0.374,0.35,0.4,0.184,0.0026,-0.0026,0.0131,-0.0131
0.014,0.01,0.02,0.38,0.3,0.5,1.6,0.424,0.4,0.45,0.1355,0.0022,-0.0022,0.0098,-0.0098
0.014,0.01,0.02,0.38,0.3,0.5,1.59,0.474,0.45,0.5,0.1109,0.0021,-0.0021,0.008,-0.008
0.014,0.01,0.02,0.37,0.3,0.5,1.538,0.524,0.5,0.55,0.0809,0.002,-0.002,0.0062,-0.0062
0.0141,0.01,0.02,0.35,0.3,0.5,1.481,0.574,0.55,0.6,0.065,0.002,-0.002,0.0054,-0.0054
0.0141,0.01,0.02,0.34,0.3,0.5,1.431,0.624,0.6,0.65,0.0476,0.002,-0.002,0.0041,-0.0041
0.0142,0.01,0.02,0.33,0.3,0.5,1.387,0.674,0.65,0.7,0.0419,0.0024,-0.0024,0.0043,-0.0043
0.0144,0.01,0.02,0.32,0.3,0.5,1.353,0.724,0.7,0.75,0.0288,0.0027,-0.0027,0.0038,-0.0038
0.0151,0.01,0.02,0.31,0.3,0.5,1.301,0.794,0.75,0.85,0.0112,0.0046,-0.0046,0.0022,-0.0022
0.0139,0.01,0.02,0.59,0.5,0.7,2.432,0.224,0.2,0.25,0.399,0.0048,-0.0048,0.0325,-0.0325
0.0139,0.01,0.02,0.59,0.5,0.7,2.432,0.274,0.25,0.3,0.3061,0.0044,-0.0044,0.0249,-0.0249
0.0139,0.01,0.02,0.58,0.5,0.7,2.426,0.324,0.3,0.35,0.2299,0.004,-0.004,0.0186,-0.0186
0.0139,0.01,0.02,0.56,0.5,0.7,2.312,0.374,0.35,0.4,0.1808,0.0042,-0.0042,0.0146,-0.0146
0.0139,0.01,0.02,0.53,0.5,0.7,2.179,0.424,0.4,0.45,0.137,0.0052,-0.0052,0.0118,-0.0118
0.0262,0.02,0.03,0.14,0.1,0.15,1.138,0.574,0.55,0.6,0.0583,0.0048,-0.0048,0.0039,-0.0039
0.0268,0.02,0.03,0.14,0.1,0.15,1.117,0.624,0.6,0.65,0.0547,0.0037,-0.0037,0.0034,-0.0034
0.0271,0.02,0.03,0.14,0.1,0.15,1.106,0.674,0.65,0.7,0.0452,0.0032,-0.0032,0.0027,-0.0027
0.0271,0.02,0.03,0.14,0.1,0.15,1.104,0.724,0.7,0.75,0.0353,0.0027,-0.0027,0.0021,-0.0021
0.0271,0.02,0.03,0.14,0.1,0.15,1.104,0.794,0.75,0.85,0.0258,0.0017,-0.0017,0.0016,-0.0016
0.0244,0.02,0.03,0.19,0.15,0.2,1.428,0.424,0.4,0.45,0.1455,0.0087,-0.0087,0.0093,-0.0093
0.0244,0.02,0.03,0.18,0.15,0.2,1.335,0.474,0.45,0.5,0.1087,0.0041,-0.0041,0.007,-0.007
0.0246,0.02,0.03,0.18,0.15,0.2,1.286,0.524,0.5,0.55,0.0859,0.0029,-0.0029,0.0057,-0.0057
0.0246,0.02,0.03,0.17,0.15,0.2,1.278,0.574,0.55,0.6,0.0674,0.0025,-0.0025,0.0047,-0.0047
0.0246,0.02,0.03,0.17,0.15,0.2,1.278,0.624,0.6,0.65,0.0556,0.0023,-0.0023,0.0035,-0.0035
0.0246,0.02,0.03,0.17,0.15,0.2,1.278,0.674,0.65,0.7,0.0412,0.002,-0.002,0.0025,-0.0025
0.0246,0.02,0.03,0.17,0.15,0.2,1.278,0.724,0.7,0.75,0.0358,0.0019,-0.0019,0.0022,-0.0022
0.0246,0.02,0.03,0.17,0.15,0.2,1.278,0.794,0.75,0.85,0.0218,0.001,-0.001,0.0014,-0.0014
0.0244,0.02,0.03,0.27,0.2,0.3,2.001,0.324,0.3,0.35,0.2285,0.007,-0.007,0.015,-0.015
0.0244,0.02,0.03,0.25,0.2,0.3,1.842,0.374,0.35,0.4,0.1933,0.0046,-0.0046,0.0125,-0.0125
0.0244,0.02,0.03,0.24,0.2,0.3,1.765,0.424,0.4,0.45,0.1457,0.0035,-0.0035,0.0094,-0.0094
0.0244,0.02,0.03,0.24,0.2,0.3,1.763,0.474,0.45,0.5,0.1131,0.003,-0.003,0.0073,-0.0073
0.0244,0.02,0.03,0.24,0.2,0.3,1.763,0.524,0.5,0.55,0.0903,0.0027,-0.0027,0.0059,-0.0059
0.0244,0.02,0.03,0.24,0.2,0.3,1.763,0.574,0.55,0.6,0.0685,0.0023,-0.0023,0.0047,-0.0047
0.0244,0.02,0.03,0.24,0.2,0.3,1.763,0.624,0.6,0.65,0.0525,0.002,-0.002,0.0034,-0.0034
0.0244,0.02,0.03,0.24,0.2,0.3,1.763,0.674,0.65,0.7,0.0416,0.0019,-0.0019,0.0027,-0.0027
0.0244,0.02,0.03,0.24,0.2,0.3,1.763,0.724,0.7,0.75,0.0315,0.0017,-0.0017,0.0021,-0.0021
0.0244,0.02,0.03,0.24,0.2,0.3,1.743,0.794,0.75,0.85,0.0224,0.0011,-0.0011,0.0017,-0.0017
0.0244,0.02,0.03,0.43,0.3,0.5,3.147,0.224,0.2,0.25,0.3979,0.0074,-0.0074,0.0284,-0.0284
0.0244,0.02,0.03,0.38,0.3,0.5,2.798,0.274,0.25,0.3,0.3242,0.005,-0.005,0.0226,-0.0226
0.0244,0.02,0.03,0.38,0.3,0.5,2.764,0.324,0.3,0.35,0.2444,0.0042,-0.0042,0.017,-0.017
0.0244,0.02,0.03,0.38,0.3,0.5,2.764,0.374,0.35,0.4,0.1899,0.0037,-0.0037,0.0131,-0.0131
0.0244,0.02,0.03,0.38,0.3,0.5,2.764,0.424,0.4,0.45,0.1564,0.0035,-0.0035,0.0108,-0.0108
0.0244,0.02,0.03,0.38,0.3,0.5,2.748,0.474,0.45,0.5,0.1179,0.0031,-0.0031,0.0082,-0.0082
0.0244,0.02,0.03,0.37,0.3,0.5,2.655,0.524,0.5,0.55,0.0843,0.0028,-0.0028,0.0061,-0.0061
0.0244,0.02,0.03,0.35,0.3,0.5,2.553,0.574,0.55,0.6,0.0693,0.0028,-0.0028,0.0054,-0.0054
0.0244,0.02,0.03,0.34,0.3,0.5,2.458,0.624,0.6,0.65,0.0546,0.003,-0.003,0.0047,-0.0047
0.0244,0.02,0.03,0.33,0.3,0.5,2.37,0.674,0.65,0.7,0.0404,0.0031,-0.0031,0.0036,-0.0036
0.0244,0.02,0.03,0.32,0.3,0.5,2.287,0.723,0.7,0.75,0.0464,0.0044,-0.0044,0.0045,-0.0045
0.0244,0.02,0.03,0.31,0.3,0.5,2.102,0.794,0.75,0.85,0.0178,0.0063,-0.0063,0.0034,-0.0034
0.0244,0.02,0.03,0.59,0.5,0.7,4.255,0.224,0.2,0.25,0.4085,0.0082,-0.0082,0.0322,-0.0322
0.0244,0.02,0.03,0.59,0.5,0.7,4.255,0.274,0.25,0.3,0.331,0.0075,-0.0075,0.0261,-0.0261
0.0244,0.02,0.03,0.58,0.5,0.7,4.243,0.324,0.3,0.35,0.2399,0.0067,-0.0067,0.0189,-0.0189
0.0244,0.02,0.03,0.56,0.5,0.7,4.043,0.374,0.35,0.4,0.1976,0.007,-0.007,0.0155,-0.0155
0.0244,0.02,0.03,0.53,0.5,0.7,3.812,0.424,0.4,0.45,0.1593,0.009,-0.009,0.0134,-0.0134
0.0345,0.03,0.04,0.14,0.1,0.15,1.49,0.575,0.55,0.6,0.0723,0.0059,-0.0059,0.0045,-0.0045
0.0345,0.03,0.04,0.14,0.1,0.15,1.42,0.625,0.6,0.65,0.0541,0.0035,-0.0035,0.0033,-0.0033
0.0345,0.03,0.04,0.13,0.1,0.15,1.361,0.674,0.65,0.7,0.0414,0.0024,-0.0024,0.0024,-0.0024
0.0346,0.03,0.04,0.13,0.1,0.15,1.312,0.724,0.7,0.75,0.035,0.002,-0.002,0.0021,-0.0021
0.0347,0.03,0.04,0.12,0.1,0.15,1.286,0.794,0.75,0.85,0.0225,0.001,-0.001,0.0013,-0.0013
0.0345,0.03,0.04,0.19,0.15,0.2,2.024,0.424,0.4,0.45,0.1516,0.0123,-0.0123,0.0093,-0.0093
0.0345,0.03,0.04,0.18,0.15,0.2,1.892,0.474,0.45,0.5,0.1207,0.006,-0.006,0.0074,-0.0074
0.0345,0.03,0.04,0.17,0.15,0.2,1.799,0.524,0.5,0.55,0.0833,0.0038,-0.0038,0.0051,-0.0051
0.0345,0.03,0.04,0.17,0.15,0.2,1.777,0.575,0.55,0.6,0.0677,0.0033,-0.0033,0.0044,-0.0044
0.0345,0.03,0.04,0.17,0.15,0.2,1.777,0.624,0.6,0.65,0.0549,0.0029,-0.0029,0.0033,-0.0033
0.0345,0.03,0.04,0.17,0.15,0.2,1.777,0.674,0.65,0.7,0.0443,0.0026,-0.0026,0.0027,-0.0027
0.0345,0.03,0.04,0.17,0.15,0.2,1.777,0.724,0.7,0.75,0.0327,0.0023,-0.0023,0.002,-0.002
0.0345,0.03,0.04,0.17,0.15,0.2,1.777,0.794,0.75,0.85,0.0253,0.0014,-0.0014,0.0015,-0.0015
0.0345,0.03,0.04,0.27,0.2,0.3,2.838,0.324,0.3,0.35,0.2516,0.0088,-0.0088,0.0161,-0.0161
0.0345,0.03,0.04,0.25,0.2,0.3,2.612,0.374,0.35,0.4,0.1945,0.0056,-0.0056,0.0122,-0.0122
0.0345,0.03,0.04,0.24,0.2,0.3,2.503,0.424,0.4,0.45,0.1457,0.0043,-0.0043,0.0091,-0.0091
0.0345,0.03,0.04,0.24,0.2,0.3,2.5,0.474,0.45,0.5,0.1267,0.004,-0.004,0.0079,-0.0079
0.0345,0.03,0.04,0.24,0.2,0.3,2.5,0.524,0.5,0.55,0.0923,0.0033,-0.0033,0.0058,-0.0058
0.0345,0.03,0.04,0.24,0.2,0.3,2.5,0.574,0.55,0.6,0.0714,0.0029,-0.0029,0.0046,-0.0046
0.0345,0.03,0.04,0.24,0.2,0.3,2.5,0.624,0.6,0.65,0.0559,0.0026,-0.0026,0.0035,-0.0035
0.0345,0.03,0.04,0.24,0.2,0.3,2.5,0.674,0.65,0.7,0.047,0.0024,-0.0024,0.0029,-0.0029
0.0345,0.03,0.04,0.24,0.2,0.3,2.5,0.724,0.7,0.75,0.0336,0.0022,-0.0022,0.0021,-0.0021
0.0345,0.03,0.04,0.24,0.2,0.3,2.472,0.794,0.75,0.85,0.024,0.0014,-0.0014,0.0016,-0.0016
0.0345,0.03,0.04,0.43,0.3,0.5,4.462,0.224,0.2,0.25,0.4158,0.0098,-0.0098,0.029,-0.029
0.0345,0.03,0.04,0.38,0.3,0.5,3.967,0.274,0.25,0.3,0.3361,0.0065,-0.0065,0.0228,-0.0228
0.0345,0.03,0.04,0.38,0.3,0.5,3.918,0.324,0.3,0.35,0.2607,0.0056,-0.0056,0.0176,-0.0176
0.0345,0.03,0.04,0.38,0.3,0.5,3.918,0.374,0.35,0.4,0.2045,0.0049,-0.0049,0.0138,-0.0138
0.0345,0.03,0.04,0.38,0.3,0.5,3.918,0.424,0.4,0.45,0.1582,0.0043,-0.0043,0.0107,-0.0107
0.0345,0.03,0.04,0.38,0.3,0.5,3.896,0.474,0.45,0.5,0.1196,0.0038,-0.0038,0.0081,-0.0081
0.0345,0.03,0.04,0.37,0.3,0.5,3.765,0.524,0.5,0.55,0.093,0.0038,-0.0038,0.0065,-0.0065
0.0345,0.03,0.04,0.35,0.3,0.5,3.619,0.574,0.55,0.6,0.0851,0.004,-0.004,0.0063,-0.0063
0.0345,0.03,0.04,0.34,0.3,0.5,3.485,0.624,0.6,0.65,0.0652,0.004,-0.004,0.0048,-0.0048
0.0345,0.03,0.04,0.33,0.3,0.5,3.361,0.674,0.65,0.7,0.0484,0.0042,-0.0042,0.0048,-0.0048
0.0345,0.03,0.04,0.32,0.3,0.5,3.244,0.724,0.7,0.75,0.0489,0.0054,-0.0054,0.0067,-0.0067
0.0345,0.03,0.04,0.59,0.5,0.7,6.033,0.223,0.2,0.25,0.4147,0.0115,-0.0115,0.0319,-0.0319
0.0345,0.03,0.04,0.59,0.5,0.7,6.033,0.274,0.25,0.3,0.343,0.0108,-0.0108,0.0264,-0.0264
0.0345,0.03,0.04,0.59,0.5,0.7,6.016,0.324,0.3,0.35,0.2619,0.01,-0.01,0.0201,-0.0201
0.0345,0.03,0.04,0.56,0.5,0.7,5.731,0.374,0.35,0.4,0.2012,0.0098,-0.0098,0.0152,-0.0152
0.0345,0.03,0.04,0.53,0.5,0.7,5.402,0.424,0.4,0.45,0.1701,0.0121,-0.0121,0.0135,-0.0135
0.0487,0.04,0.06,0.14,0.1,0.15,2.099,0.574,0.55,0.6,0.0766,0.0058,-0.0058,0.0046,-0.0046
0.0487,0.04,0.06,0.14,0.1,0.15,2,0.624,0.6,0.65,0.0554,0.0034,-0.0034,0.0032,-0.0032
0.0487,0.04,0.06,0.13,0.1,0.15,1.917,0.674,0.65,0.7,0.0455,0.0025,-0.0025,0.0026,-0.0026
0.0487,0.04,0.06,0.13,0.1,0.15,1.844,0.724,0.7,0.75,0.0393,0.0021,-0.0021,0.0023,-0.0023
0.0487,0.04,0.06,0.12,0.1,0.15,1.788,0.794,0.75,0.85,0.0259,0.0011,-0.0011,0.0015,-0.0015
0.0487,0.04,0.06,0.19,0.15,0.2,2.854,0.424,0.4,0.45,0.1459,0.0102,-0.0102,0.0087,-0.0087
0.0487,0.04,0.06,0.18,0.15,0.2,2.668,0.474,0.45,0.5,0.1222,0.0052,-0.0052,0.0072,-0.0072
0.0487,0.04,0.06,0.17,0.15,0.2,2.536,0.524,0.5,0.55,0.0975,0.0037,-0.0037,0.0057,-0.0057
0.0487,0.04,0.06,0.17,0.15,0.2,2.505,0.574,0.55,0.6,0.0752,0.0031,-0.0031,0.0045,-0.0045
0.0487,0.04,0.06,0.17,0.15,0.2,2.504,0.624,0.6,0.65,0.0564,0.0027,-0.0027,0.0033,-0.0033
0.0487,0.04,0.06,0.17,0.15,0.2,2.504,0.674,0.65,0.7,0.044,0.0023,-0.0023,0.0026,-0.0026
0.0487,0.04,0.06,0.17,0.15,0.2,2.504,0.724,0.7,0.75,0.038,0.0022,-0.0022,0.0022,-0.0022
0.0487,0.04,0.06,0.17,0.15,0.2,2.504,0.794,0.75,0.85,0.0235,0.0012,-0.0012,0.0014,-0.0014
0.0487,0.04,0.06,0.27,0.2,0.3,3.998,0.324,0.3,0.35,0.2644,0.0079,-0.0079,0.0165,-0.0165
0.0487,0.04,0.06,0.25,0.2,0.3,3.68,0.374,0.35,0.4,0.2017,0.0049,-0.0049,0.0124,-0.0124
0.0487,0.04,0.06,0.24,0.2,0.3,3.526,0.424,0.4,0.45,0.1563,0.0038,-0.0038,0.0095,-0.0095
0.0487,0.04,0.06,0.24,0.2,0.3,3.522,0.474,0.45,0.5,0.126,0.0034,-0.0034,0.0077,-0.0077
0.0487,0.04,0.06,0.24,0.2,0.3,3.522,0.524,0.5,0.55,0.0993,0.003,-0.003,0.0061,-0.0061
0.0487,0.04,0.06,0.24,0.2,0.3,3.522,0.574,0.55,0.6,0.0793,0.0027,-0.0027,0.0049,-0.0049
0.0487,0.04,0.06,0.24,0.2,0.3,3.522,0.624,0.6,0.65,0.058,0.0022,-0.0022,0.0035,-0.0035
0.0487,0.04,0.06,0.24,0.2,0.3,3.522,0.675,0.65,0.7,0.0419,0.0019,-0.0019,0.0026,-0.0026
0.0487,0.04,0.06,0.24,0.2,0.3,3.522,0.724,0.7,0.75,0.0358,0.0019,-0.0019,0.0022,-0.0022
0.0487,0.04,0.06,0.24,0.2,0.3,3.481,0.794,0.75,0.85,0.0249,0.0011,-0.0011,0.0017,-0.0017
0.0486,0.04,0.06,0.43,0.3,0.5,6.284,0.223,0.2,0.25,0.4257,0.0092,-0.0092,0.0289,-0.0289
0.0486,0.04,0.06,0.38,0.3,0.5,5.586,0.274,0.25,0.3,0.3444,0.006,-0.006,0.0227,-0.0227
0.0486,0.04,0.06,0.38,0.3,0.5,5.517,0.324,0.3,0.35,0.2743,0.0052,-0.0052,0.0181,-0.0181
0.0486,0.04,0.06,0.38,0.3,0.5,5.517,0.374,0.35,0.4,0.211,0.0045,-0.0045,0.0139,-0.0139
0.0486,0.04,0.06,0.38,0.3,0.5,5.517,0.424,0.4,0.45,0.1679,0.0041,-0.0041,0.011,-0.011
0.0486,0.04,0.06,0.38,0.3,0.5,5.485,0.474,0.45,0.5,0.1251,0.0036,-0.0036,0.0083,-0.0083
0.0486,0.04,0.06,0.37,0.3,0.5,5.301,0.524,0.5,0.55,0.0939,0.0034,-0.0034,0.0063,-0.0063
0.0486,0.04,0.06,0.35,0.3,0.5,5.097,0.574,0.55,0.6,0.0743,0.0033,-0.0033,0.0055,-0.0055
0.0486,0.04,0.06,0.34,0.3,0.5,4.909,0.624,0.6,0.65,0.0671,0.0038,-0.0038,0.0058,-0.0058
0.0486,0.04,0.06,0.33,0.3,0.5,4.734,0.674,0.65,0.7,0.0497,0.0037,-0.0037,0.0042,-0.0042
0.0487,0.04,0.06,0.32,0.3,0.5,4.569,0.724,0.7,0.75,0.0425,0.0045,-0.0045,0.0047,-0.0047
0.0487,0.04,0.06,0.31,0.3,0.5,4.203,0.793,0.75,0.85,0.0163,0.0068,-0.0068,0.0028,-0.0028
0.0486,0.04,0.06,0.59,0.5,0.7,8.496,0.223,0.2,0.25,0.4346,0.0126,-0.0126,0.0325,-0.0325
0.0486,0.04,0.06,0.59,0.5,0.7,8.496,0.274,0.25,0.3,0.3469,0.0116,-0.0116,0.0259,-0.0259
0.0486,0.04,0.06,0.59,0.5,0.7,8.471,0.324,0.3,0.35,0.2585,0.0101,-0.0101,0.0192,-0.0192
0.0486,0.04,0.06,0.56,0.5,0.7,8.072,0.374,0.35,0.4,0.1939,0.0102,-0.0102,0.0143,-0.0143
0.0486,0.04,0.06,0.53,0.5,0.7,7.608,0.424,0.4,0.45,0.1515,0.0122,-0.0122,0.0116,-0.0116
0.0765,0.06,0.1,0.14,0.1,0.15,3.302,0.574,0.55,0.6,0.0755,0.0054,-0.0054,0.0043,-0.0043
0.0766,0.06,0.1,0.14,0.1,0.15,3.147,0.624,0.6,0.65,0.058,0.0033,-0.0033,0.0032,-0.0032
0.0766,0.06,0.1,0.13,0.1,0.15,3.017,0.674,0.65,0.7,0.0454,0.0024,-0.0024,0.0025,-0.0025
0.0766,0.06,0.1,0.13,0.1,0.15,2.902,0.724,0.7,0.75,0.0381,0.002,-0.002,0.0021,-0.0021
0.0766,0.06,0.1,0.12,0.1,0.15,2.814,0.794,0.75,0.85,0.0267,0.0011,-0.0011,0.0015,-0.0015
0.0765,0.06,0.1,0.19,0.15,0.2,4.485,0.424,0.4,0.45,0.163,0.0102,-0.0102,0.0093,-0.0093
0.0765,0.06,0.1,0.18,0.15,0.2,4.192,0.474,0.45,0.5,0.1167,0.0047,-0.0047,0.0066,-0.0066
0.0765,0.06,0.1,0.17,0.15,0.2,3.985,0.524,0.5,0.55,0.1007,0.0035,-0.0035,0.0057,-0.0057
0.0765,0.06,0.1,0.17,0.15,0.2,3.936,0.574,0.55,0.6,0.0771,0.0029,-0.0029,0.0044,-0.0044
0.0765,0.06,0.1,0.17,0.15,0.2,3.935,0.624,0.6,0.65,0.0583,0.0024,-0.0024,0.0033,-0.0033
0.0765,0.06,0.1,0.17,0.15,0.2,3.935,0.674,0.65,0.7,0.0461,0.0022,-0.0022,0.0026,-0.0026
0.0765,0.06,0.1,0.17,0.15,0.2,3.935,0.724,0.7,0.75,0.0347,0.0019,-0.0019,0.0019,-0.0019
0.0765,0.06,0.1,0.17,0.15,0.2,3.935,0.794,0.75,0.85,0.0256,0.0011,-0.0011,0.0014,-0.0014
0.0765,0.06,0.1,0.27,0.2,0.3,6.284,0.324,0.3,0.35,0.2766,0.0078,-0.0078,0.0165,-0.0165
0.0765,0.06,0.1,0.25,0.2,0.3,5.782,0.374,0.35,0.4,0.216,0.0049,-0.0049,0.0127,-0.0127
0.0765,0.06,0.1,0.24,0.2,0.3,5.539,0.424,0.4,0.45,0.1637,0.0038,-0.0038,0.0096,-0.0096
0.0765,0.06,0.1,0.24,0.2,0.3,5.533,0.474,0.45,0.5,0.1295,0.0033,-0.0033,0.0076,-0.0076
0.0765,0.06,0.1,0.24,0.2,0.3,5.533,0.524,0.5,0.55,0.0991,0.0028,-0.0028,0.0058,-0.0058
0.0765,0.06,0.1,0.24,0.2,0.3,5.533,0.574,0.55,0.6,0.0841,0.0026,-0.0026,0.0049,-0.0049
0.0765,0.06,0.1,0.24,0.2,0.3,5.533,0.624,0.6,0.65,0.06,0.0022,-0.0022,0.0035,-0.0035
0.0765,0.06,0.1,0.24,0.2,0.3,5.533,0.674,0.65,0.7,0.0511,0.002,-0.002,0.003,-0.003
0.0765,0.06,0.1,0.24,0.2,0.3,5.533,0.724,0.7,0.75,0.0351,0.0017,-0.0017,0.0021,-0.0021
0.0765,0.06,0.1,0.24,0.2,0.3,5.47,0.795,0.75,0.85,0.0262,0.0011,-0.0011,0.0017,-0.0017
0.0764,0.06,0.1,0.43,0.3,0.5,9.875,0.224,0.2,0.25,0.4478,0.0115,-0.0115,0.0291,-0.0291
0.0765,0.06,0.1,0.38,0.3,0.5,8.774,0.274,0.25,0.3,0.3551,0.0068,-0.0068,0.0224,-0.0224
0.0765,0.06,0.1,0.38,0.3,0.5,8.666,0.324,0.3,0.35,0.2843,0.0059,-0.0059,0.0178,-0.0178
0.0765,0.06,0.1,0.38,0.3,0.5,8.666,0.374,0.35,0.4,0.2198,0.0051,-0.0051,0.0138,-0.0138
0.0765,0.06,0.1,0.38,0.3,0.5,8.666,0.424,0.4,0.45,0.1653,0.0044,-0.0044,0.0104,-0.0104
0.0765,0.06,0.1,0.38,0.3,0.5,8.617,0.474,0.45,0.5,0.1371,0.0042,-0.0042,0.0086,-0.0086
0.0765,0.06,0.1,0.37,0.3,0.5,8.329,0.524,0.5,0.55,0.1025,0.0039,-0.0039,0.0065,-0.0065
0.0765,0.06,0.1,0.35,0.3,0.5,8.008,0.574,0.55,0.6,0.0855,0.0038,-0.0038,0.006,-0.006
0.0765,0.06,0.1,0.34,0.3,0.5,7.715,0.624,0.6,0.65,0.0641,0.0037,-0.0037,0.0053,-0.0053
0.0765,0.06,0.1,0.33,0.3,0.5,7.442,0.674,0.65,0.7,0.052,0.0041,-0.0041,0.0042,-0.0042
0.0765,0.06,0.1,0.32,0.3,0.5,7.18,0.725,0.7,0.75,0.0389,0.0041,-0.0041,0.0047,-0.0047
0.0764,0.06,0.1,0.31,0.3,0.5,6.597,0.796,0.75,0.85,0.0325,0.0093,-0.0093,0.0075,-0.0075
0.0765,0.06,0.1,0.59,0.5,0.7,13.359,0.224,0.2,0.25,0.4554,0.018,-0.018,0.0324,-0.0324
0.0765,0.06,0.1,0.59,0.5,0.7,13.359,0.274,0.25,0.3,0.3636,0.0164,-0.0164,0.0259,-0.0259
0.0765,0.06,0.1,0.59,0.5,0.7,13.322,0.324,0.3,0.35,0.2819,0.015,-0.015,0.02,-0.02
0.0765,0.06,0.1,0.56,0.5,0.7,12.691,0.374,0.35,0.4,0.198,0.014,-0.014,0.0139,-0.0139
0.0765,0.06,0.1,0.53,0.5,0.7,11.965,0.424,0.4,0.45,0.1535,0.017,-0.017,0.0136,-0.0136
0.1176,0.1,0.14,0.14,0.1,0.15,5.073,0.574,0.55,0.6,0.0647,0.0067,-0.0067,0.0035,-0.0035
0.1176,0.1,0.14,0.14,0.1,0.15,4.834,0.624,0.6,0.65,0.0582,0.0046,-0.0046,0.0031,-0.0031
0.1176,0.1,0.14,0.13,0.1,0.15,4.633,0.674,0.65,0.7,0.0472,0.0035,-0.0035,0.0025,-0.0025
0.1176,0.1,0.14,0.13,0.1,0.15,4.456,0.724,0.7,0.75,0.0374,0.0027,-0.0027,0.002,-0.002
0.1176,0.1,0.14,0.12,0.1,0.15,4.321,0.795,0.75,0.85,0.0262,0.0015,-0.0015,0.0014,-0.0014
0.1176,0.1,0.14,0.19,0.15,0.2,6.893,0.424,0.4,0.45,0.1419,0.0125,-0.0125,0.0077,-0.0077
0.1176,0.1,0.14,0.18,0.15,0.2,6.443,0.474,0.45,0.5,0.1321,0.0072,-0.0072,0.0072,-0.0072
0.1176,0.1,0.14,0.17,0.15,0.2,6.124,0.524,0.5,0.55,0.0985,0.0047,-0.0047,0.0053,-0.0053
0.1176,0.1,0.14,0.17,0.15,0.2,6.049,0.574,0.55,0.6,0.0808,0.0039,-0.0039,0.0044,-0.0044
0.1176,0.1,0.14,0.17,0.15,0.2,6.047,0.624,0.6,0.65,0.0594,0.0034,-0.0034,0.0032,-0.0032
0.1176,0.1,0.14,0.17,0.15,0.2,6.047,0.674,0.65,0.7,0.0507,0.0032,-0.0032,0.0027,-0.0027
0.1176,0.1,0.14,0.17,0.15,0.2,6.047,0.724,0.7,0.75,0.0339,0.0024,-0.0024,0.0018,-0.0018
0.1176,0.1,0.14,0.17,0.15,0.2,6.047,0.794,0.75,0.85,0.025,0.0015,-0.0015,0.0014,-0.0014
0.1176,0.1,0.14,0.27,0.2,0.3,9.656,0.324,0.3,0.35,0.2745,0.0121,-0.0121,0.0157,-0.0157
0.1176,0.1,0.14,0.25,0.2,0.3,8.884,0.374,0.35,0.4,0.2079,0.0071,-0.0071,0.0117,-0.0117
0.1176,0.1,0.14,0.24,0.2,0.3,8.51,0.424,0.4,0.45,0.1731,0.0058,-0.0058,0.0097,-0.0097
0.1176,0.1,0.14,0.24,0.2,0.3,8.501,0.474,0.45,0.5,0.1367,0.005,-0.005,0.0076,-0.0076
0.1176,0.1,0.14,0.24,0.2,0.3,8.501,0.524,0.5,0.55,0.0964,0.0041,-0.0041,0.0054,-0.0054
0.1176,0.1,0.14,0.24,0.2,0.3,8.501,0.574,0.55,0.6,0.0807,0.0037,-0.0037,0.0045,-0.0045
0.1176,0.1,0.14,0.24,0.2,0.3,8.501,0.624,0.6,0.65,0.0626,0.0033,-0.0033,0.0035,-0.0035
0.1176,0.1,0.14,0.24,0.2,0.3,8.501,0.674,0.65,0.7,0.05,0.003,-0.003,0.0028,-0.0028
0.1176,0.1,0.14,0.24,0.2,0.3,8.501,0.724,0.7,0.75,0.0368,0.0026,-0.0026,0.0021,-0.0021
0.1176,0.1,0.14,0.24,0.2,0.3,8.404,0.794,0.75,0.85,0.0276,0.0016,-0.0016,0.0018,-0.0018
0.1175,0.1,0.14,0.43,0.3,0.5,15.184,0.224,0.2,0.25,0.4008,0.0202,-0.0202,0.0248,-0.0248
0.1175,0.1,0.14,0.38,0.3,0.5,13.489,0.274,0.25,0.3,0.3773,0.0129,-0.0129,0.0226,-0.0226
0.1175,0.1,0.14,0.38,0.3,0.5,13.321,0.324,0.3,0.35,0.2858,0.0107,-0.0107,0.017,-0.017
0.1175,0.1,0.14,0.38,0.3,0.5,13.321,0.374,0.35,0.4,0.2135,0.0091,-0.0091,0.0127,-0.0127
0.1175,0.1,0.14,0.38,0.3,0.5,13.321,0.424,0.4,0.45,0.1746,0.0084,-0.0084,0.0104,-0.0104
0.1175,0.1,0.14,0.38,0.3,0.5,13.245,0.474,0.45,0.5,0.1321,0.0074,-0.0074,0.0079,-0.0079
0.1175,0.1,0.14,0.37,0.3,0.5,12.798,0.524,0.5,0.55,0.1069,0.0071,-0.0071,0.0064,-0.0064
0.1175,0.1,0.14,0.35,0.3,0.5,12.305,0.574,0.55,0.6,0.0906,0.007,-0.007,0.0057,-0.0057
0.1175,0.1,0.14,0.34,0.3,0.5,11.855,0.624,0.6,0.65,0.0637,0.0066,-0.0066,0.0042,-0.0042
0.1175,0.1,0.14,0.33,0.3,0.5,11.435,0.674,0.65,0.7,0.0394,0.006,-0.006,0.0031,-0.0031
0.1175,0.1,0.14,0.32,0.3,0.5,11.036,0.724,0.7,0.75,0.0422,0.0081,-0.0081,0.005,-0.005
0.1176,0.1,0.14,0.59,0.5,0.7,20.541,0.223,0.2,0.25,0.4685,0.0358,-0.0358,0.0311,-0.0311
0.1176,0.1,0.14,0.59,0.5,0.7,20.541,0.274,0.25,0.3,0.4069,0.0357,-0.0357,0.027,-0.027
0.1176,0.1,0.14,0.59,0.5,0.7,20.484,0.324,0.3,0.35,0.2625,0.0273,-0.0273,0.0186,-0.0186
0.1176,0.1,0.14,0.56,0.5,0.7,19.513,0.374,0.35,0.4,0.2006,0.0286,-0.0286,0.0172,-0.0172
0.1175,0.1,0.14,0.53,0.5,0.7,18.389,0.423,0.4,0.45,0.1378,0.0284,-0.0284,0.0134,-0.0134
0.1581,0.14,0.18,0.14,0.1,0.15,6.822,0.574,0.55,0.6,0.0706,0.0103,-0.0103,0.0037,-0.0037
0.1581,0.14,0.18,0.14,0.1,0.15,6.499,0.624,0.6,0.65,0.0539,0.006,-0.006,0.0028,-0.0028
0.1581,0.14,0.18,0.13,0.1,0.15,6.227,0.675,0.65,0.7,0.0543,0.0054,-0.0054,0.0028,-0.0028
0.1581,0.14,0.18,0.13,0.1,0.15,5.989,0.724,0.7,0.75,0.0373,0.0039,-0.0039,0.0019,-0.0019
0.1581,0.14,0.18,0.12,0.1,0.15,5.811,0.794,0.75,0.85,0.0243,0.0021,-0.0021,0.0013,-0.0013
0.1581,0.14,0.18,0.19,0.15,0.2,9.266,0.424,0.4,0.45,0.1946,0.0226,-0.0226,0.0103,-0.0103
0.1581,0.14,0.18,0.18,0.15,0.2,8.662,0.474,0.45,0.5,0.1284,0.0098,-0.0098,0.0068,-0.0068
0.1581,0.14,0.18,0.17,0.15,0.2,8.231,0.525,0.5,0.55,0.0957,0.0066,-0.0066,0.005,-0.005
0.1581,0.14,0.18,0.17,0.15,0.2,8.13,0.574,0.55,0.6,0.0724,0.0053,-0.0053,0.0038,-0.0038
0.1581,0.14,0.18,0.17,0.15,0.2,8.129,0.624,0.6,0.65,0.0607,0.005,-0.005,0.0032,-0.0032
0.1581,0.14,0.18,0.17,0.15,0.2,8.129,0.674,0.65,0.7,0.0486,0.0044,-0.0044,0.0026,-0.0026
0.1581,0.14,0.18,0.17,0.15,0.2,8.129,0.724,0.7,0.75,0.0369,0.0036,-0.0036,0.0019,-0.0019
0.1581,0.14,0.18,0.17,0.15,0.2,8.129,0.794,0.75,0.85,0.024,0.0021,-0.0021,0.0013,-0.0013
0.1581,0.14,0.18,0.27,0.2,0.3,12.983,0.324,0.3,0.35,0.2439,0.0172,-0.0172,0.0134,-0.0134
0.1581,0.14,0.18,0.25,0.2,0.3,11.943,0.374,0.35,0.4,0.2251,0.0112,-0.0112,0.0122,-0.0122
0.1581,0.14,0.18,0.24,0.2,0.3,11.438,0.424,0.4,0.45,0.1689,0.0083,-0.0083,0.0091,-0.0091
0.1581,0.14,0.18,0.24,0.2,0.3,11.426,0.474,0.45,0.5,0.142,0.0078,-0.0078,0.0077,-0.0077
0.1581,0.14,0.18,0.24,0.2,0.3,11.426,0.524,0.5,0.55,0.1046,0.0065,-0.0065,0.0057,-0.0057
0.1581,0.14,0.18,0.24,0.2,0.3,11.426,0.574,0.55,0.6,0.0843,0.0057,-0.0057,0.0046,-0.0046
0.1581,0.14,0.18,0.24,0.2,0.3,11.426,0.625,0.6,0.65,0.0718,0.0051,-0.0051,0.0039,-0.0039
0.1581,0.14,0.18,0.24,0.2,0.3,11.426,0.674,0.65,0.7,0.0499,0.0043,-0.0043,0.0027,-0.0027
0.1581,0.14,0.18,0.24,0.2,0.3,11.426,0.724,0.7,0.75,0.0405,0.004,-0.004,0.0023,-0.0023
0.1581,0.14,0.18,0.24,0.2,0.3,11.296,0.794,0.75,0.85,0.0277,0.0025,-0.0025,0.0015,-0.0015
0.1581,0.14,0.18,0.43,0.3,0.5,20.413,0.224,0.2,0.25,0.442,0.034,-0.034,0.026,-0.026
0.1581,0.14,0.18,0.38,0.3,0.5,18.133,0.274,0.25,0.3,0.3696,0.0201,-0.0201,0.0212,-0.0212
0.1581,0.14,0.18,0.38,0.3,0.5,17.908,0.324,0.3,0.35,0.292,0.017,-0.017,0.0168,-0.0168
0.1581,0.14,0.18,0.38,0.3,0.5,17.908,0.374,0.35,0.4,0.2231,0.0149,-0.0149,0.0127,-0.0127
0.1581,0.14,0.18,0.38,0.3,0.5,17.908,0.424,0.4,0.45,0.1754,0.0133,-0.0133,0.0101,-0.0101
0.1581,0.14,0.18,0.38,0.3,0.5,17.806,0.473,0.45,0.5,0.1247,0.0111,-0.0111,0.0072,-0.0072
0.1581,0.14,0.18,0.37,0.3,0.5,17.215,0.524,0.5,0.55,0.1122,0.0117,-0.0117,0.0065,-0.0065
0.1581,0.14,0.18,0.35,0.3,0.5,16.553,0.574,0.55,0.6,0.0611,0.0092,-0.0092,0.0041,-0.0041
0.1581,0.14,0.18,0.34,0.3,0.5,15.948,0.624,0.6,0.65,0.0639,0.0111,-0.0111,0.0049,-0.0049
0.1581,0.14,0.18,0.33,0.3,0.5,15.383,0.674,0.65,0.7,0.0718,0.0139,-0.0139,0.0051,-0.0051
0.1581,0.14,0.18,0.32,0.3,0.5,14.846,0.725,0.7,0.75,0.0584,0.0155,-0.0155,0.0041,-0.0041
0.2505,0.18,0.4,0.19,0.15,0.2,14.681,0.425,0.4,0.45,0.1583,0.0194,-0.0194,0.0081,-0.0081
0.2505,0.18,0.4,0.18,0.15,0.2,13.721,0.475,0.45,0.5,0.1324,0.0107,-0.0107,0.0068,-0.0068
0.2504,0.18,0.4,0.17,0.15,0.2,13.034,0.524,0.5,0.55,0.1235,0.0085,-0.0085,0.0063,-0.0063
0.2504,0.18,0.4,0.17,0.15,0.2,12.873,0.574,0.55,0.6,0.0885,0.0067,-0.0067,0.0045,-0.0045
0.2504,0.18,0.4,0.17,0.15,0.2,12.87,0.624,0.6,0.65,0.0558,0.005,-0.005,0.0028,-0.0028
0.2504,0.18,0.4,0.17,0.15,0.2,12.87,0.675,0.65,0.7,0.0557,0.0052,-0.0052,0.0029,-0.0029
0.2504,0.18,0.4,0.17,0.15,0.2,12.87,0.724,0.7,0.75,0.0372,0.004,-0.004,0.0019,-0.0019
0.2504,0.18,0.4,0.17,0.15,0.2,12.87,0.793,0.75,0.85,0.0225,0.0022,-0.0022,0.0012,-0.0012
0.2501,0.18,0.4,0.27,0.2,0.3,20.544,0.324,0.3,0.35,0.2726,0.0197,-0.0197,0.0143,-0.0143
0.2502,0.18,0.4,0.25,0.2,0.3,18.9,0.374,0.35,0.4,0.213,0.0119,-0.0119,0.0111,-0.0111
0.2503,0.18,0.4,0.24,0.2,0.3,18.106,0.424,0.4,0.45,0.185,0.0097,-0.0097,0.0096,-0.0096
0.2503,0.18,0.4,0.24,0.2,0.3,18.086,0.474,0.45,0.5,0.127,0.0077,-0.0077,0.0066,-0.0066
0.2503,0.18,0.4,0.24,0.2,0.3,18.086,0.524,0.5,0.55,0.096,0.0066,-0.0066,0.005,-0.005
0.2503,0.18,0.4,0.24,0.2,0.3,18.086,0.574,0.55,0.6,0.084,0.006,-0.006,0.0044,-0.0044
0.2503,0.18,0.4,0.24,0.2,0.3,18.086,0.624,0.6,0.65,0.0696,0.0056,-0.0056,0.0036,-0.0036
0.2503,0.18,0.4,0.24,0.2,0.3,18.086,0.674,0.65,0.7,0.0496,0.0046,-0.0046,0.0026,-0.0026
0.2503,0.18,0.4,0.24,0.2,0.3,18.086,0.724,0.7,0.75,0.0418,0.0042,-0.0042,0.0022,-0.0022
0.2503,0.18,0.4,0.24,0.2,0.3,17.882,0.793,0.75,0.85,0.0258,0.0025,-0.0025,0.0014,-0.0014
0.2497,0.18,0.4,0.43,0.3,0.5,32.252,0.224,0.2,0.25,0.4316,0.0365,-0.0365,0.0239,-0.0239
0.25,0.18,0.4,0.38,0.3,0.5,28.657,0.274,0.25,0.3,0.3709,0.021,-0.021,0.02,-0.02
0.25,0.18,0.4,0.38,0.3,0.5,28.303,0.324,0.3,0.35,0.2947,0.0171,-0.0171,0.0159,-0.0159
0.25,0.18,0.4,0.38,0.3,0.5,28.303,0.374,0.35,0.4,0.2396,0.016,-0.016,0.0129,-0.0129
0.25,0.18,0.4,0.38,0.3,0.5,28.303,0.424,0.4,0.45,0.2023,0.0147,-0.0147,0.0109,-0.0109
0.25,0.18,0.4,0.38,0.3,0.5,28.147,0.474,0.45,0.5,0.1273,0.0113,-0.0113,0.0069,-0.0069
0.25,0.18,0.4,0.37,0.3,0.5,27.21,0.524,0.5,0.55,0.0984,0.0104,-0.0104,0.0054,-0.0054
0.2501,0.18,0.4,0.35,0.3,0.5,26.174,0.575,0.55,0.6,0.0808,0.0104,-0.0104,0.0052,-0.0052
0.2501,0.18,0.4,0.34,0.3,0.5,25.229,0.624,0.6,0.65,0.0561,0.01,-0.01,0.004,-0.004
